{"date":"2019-07-01"},1873,2.103405
{"date":"2019-07-02"},2669,3.630285
{"date":"2019-07-03"},2205,3.871633
{"date":"2019-07-04"},2575,4.271765
{"date":"2019-07-05"},2847,4.03816
{"date":"2019-07-06"},2196,2.620345
{"date":"2019-07-07"},1853,2.51469
{"date":"2019-07-08"},2051,2.948975
{"date":"2019-07-09"},2413,3.082535
{"date":"2019-07-10"},2166,2.34158
{"date":"2019-07-11"},2176,3.051115
{"date":"2019-07-12"},2378,3.28241
{"date":"2019-07-13"},2372,3.556655
{"date":"2019-07-14"},2554,3.1885
{"date":"2019-07-15"},2170,3.556515
{"date":"2019-07-16"},1972,6.294175
{"date":"2019-07-17"},2454,4.90116
{"date":"2019-07-18"},2294,4.38946
{"date":"2019-07-19"},2332,3.958825
{"date":"2019-07-20"},2190,4.57572
{"date":"2019-07-21"},1751,2.86402
{"date":"2019-07-22"},2079,2.9534
{"date":"2019-07-23"},2422,3.121715
{"date":"2019-07-24"},2414,4.150845
{"date":"2019-07-25"},2006,2.39695
{"date":"2019-07-26"},3315,5.88598
{"date":"2019-07-27"},2536,3.21688
{"date":"2019-07-28"},2420,3.044945
{"date":"2019-07-29"},2506,3.903095
{"date":"2019-07-30"},2101,3.269235
{"date":"2019-07-31"},2516,3.6647
{"date":"2019-08-01"},2932,4.117463
{"date":"2019-08-02"},6083,9.31135
{"date":"2019-08-03"},3075,6.332995
{"date":"2019-08-04"},2508,2.925855
{"date":"2019-08-05"},2598,3.803435
{"date":"2019-08-06"},3074,3.797495
{"date":"2019-08-07"},2829,4.230815
{"date":"2019-08-08"},2996,6.179325
{"date":"2019-08-09"},3299,4.31722
{"date":"2019-08-10"},2639,2.82402
{"date":"2019-08-11"},2587,3.475675
{"date":"2019-08-12"},2526,4.381195
{"date":"2019-08-13"},2400,4.94232
{"date":"2019-08-14"},2983,4.57313
{"date":"2019-08-15"},2811,5.36299
{"date":"2019-08-16"},2651,5.0315
{"date":"2019-08-17"},3940,5.77116
{"date":"2019-08-18"},4065,5.175605
{"date":"2019-08-19"},4218,5.079825
{"date":"2019-08-20"},5022,7.92294
{"date":"2019-08-21"},4527,5.68954
{"date":"2019-08-22"},4551,6.17781
{"date":"2019-08-23"},4473,6.418825
{"date":"2019-08-24"},3690,3.744475
{"date":"2019-08-25"},4129,4.83148
{"date":"2019-08-26"},4471,5.67825
{"date":"2019-08-27"},4448,5.61591
{"date":"2019-08-28"},4578,5.98769
{"date":"2019-08-29"},4678,5.59101
{"date":"2019-08-30"},4471,4.865145
{"date":"2019-08-31"},3726,4.51822
{"date":"2019-09-01"},3928,4.313845
{"date":"2019-09-02"},4055,4.66355
{"date":"2019-09-03"},4260,4.892835
{"date":"2019-09-04"},4298,5.4103
{"date":"2019-09-05"},4344,5.0331
{"date":"2019-09-06"},4690,5.14575
{"date":"2019-09-07"},4189,4.802935
{"date":"2019-09-08"},4195,5.0232
{"date":"2019-09-09"},4493,5.17047
{"date":"2019-09-10"},4495,5.644785
{"date":"2019-09-11"},4545,5.174515
{"date":"2019-09-12"},4330,5.23975
{"date":"2019-09-13"},2079,3.278055
{"date":"2019-09-14"},2542,3.09961
{"date":"2019-09-15"},913,1.511845
{"date":"2019-09-16"},2222,2.557265
{"date":"2019-09-17"},4039,6.526135
{"date":"2019-09-18"},4828,14.86435
{"date":"2019-09-19"},4358,8.32607
{"date":"2019-09-20"},3853,4.182405
{"date":"2019-09-21"},3823,4.136365
{"date":"2019-09-22"},3971,4.57698
{"date":"2019-09-23"},4406,4.898455
{"date":"2019-09-24"},4674,6.16831
{"date":"2019-09-25"},4950,9.896675
{"date":"2019-09-26"},5558,6.44221
{"date":"2019-09-27"},4397,5.83384
{"date":"2019-09-28"},4354,5.01723
{"date":"2019-09-29"},4820,5.33293
{"date":"2019-09-30"},4879,5.6985
{"date":"2019-10-01"},4326,4.772395
{"date":"2019-10-02"},4272,4.888714
{"date":"2019-10-03"},3877,4.00271
{"date":"2019-10-04"},3851,4.49227
{"date":"2019-10-05"},3709,4.02609
{"date":"2019-10-06"},3646,3.726895
{"date":"2019-10-07"},3841,3.950745
{"date":"2019-10-08"},3756,4.10728
{"date":"2019-10-09"},4155,4.3181
{"date":"2019-10-10"},4516,5.01159
{"date":"2019-10-11"},4804,5.56968
{"date":"2019-10-12"},4039,4.16184
{"date":"2019-10-13"},4067,4.168515
{"date":"2019-10-14"},3959,4.05978
{"date":"2019-10-15"},4080,4.2869
{"date":"2019-10-16"},4120,4.50302
{"date":"2019-10-17"},4178,4.295285
{"date":"2019-10-18"},3754,4.1031
{"date":"2019-10-19"},3311,3.37836
{"date":"2019-10-20"},3414,3.502495
{"date":"2019-10-21"},3510,3.80758
{"date":"2019-10-22"},3406,3.5095
{"date":"2019-10-23"},3697,4.04706
{"date":"2019-10-24"},3667,3.760115
{"date":"2019-10-25"},3120,3.283725
{"date":"2019-10-26"},1038,1.47588
{"date":"2019-10-27"},1141,1.85141
{"date":"2019-10-28"},2180,2.426405
{"date":"2019-10-29"},3826,4.172405
{"date":"2019-10-30"},3888,4.056365
{"date":"2019-10-31"},3739,4.3608
{"date":"2019-11-01"},4984,5.53978
{"date":"2019-11-02"},4576,4.935605
{"date":"2019-11-03"},4365,4.65
{"date":"2019-11-04"},3834,4.017155
{"date":"2019-11-05"},4393,4.72235
{"date":"2019-11-06"},4476,5.389535
{"date":"2019-11-07"},4049,4.47803
{"date":"2019-11-08"},3823,3.997895
{"date":"2019-11-09"},3524,3.63158
{"date":"2019-11-10"},3677,3.7874
{"date":"2019-11-11"},4374,4.86965
{"date":"2019-11-12"},4117,5.39311
{"date":"2019-11-13"},4106,5.825425
{"date":"2019-11-14"},4210,4.406525
{"date":"2019-11-15"},4060,4.71288
{"date":"2019-11-16"},3473,3.593945
{"date":"2019-11-17"},3562,3.667865
{"date":"2019-11-18"},3960,4.160165
{"date":"2019-11-19"},4008,4.42272
{"date":"2019-11-20"},3563,3.81614
{"date":"2019-11-21"},3263,4.05806
{"date":"2019-11-22"},3312,3.37598
{"date":"2019-11-23"},3108,3.114245
{"date":"2019-11-24"},3088,3.088
{"date":"2019-11-25"},3511,3.511
{"date":"2019-11-26"},3321,3.321
{"date":"2019-11-27"},3227,4.231
{"date":"2019-11-28"},3759,4.304
{"date":"2019-11-29"},3522,3.55335
{"date":"2019-11-30"},3623,4.488155
{"date":"2019-12-01"},3549,3.85978
{"date":"2019-12-02"},3552,4.12523
{"date":"2019-12-03"},3563,3.613035
{"date":"2019-12-04"},3638,4.201605
{"date":"2019-12-05"},3411,4.43385
{"date":"2019-12-06"},3488,3.607475
{"date":"2019-12-07"},3444,3.510555
{"date":"2019-12-08"},3807,4.19627
{"date":"2019-12-09"},4731,6.302555
{"date":"2019-12-10"},4280,5.019535
{"date":"2019-12-11"},3933,4.200215
{"date":"2019-12-12"},4299,6.286245
{"date":"2019-12-13"},3638,3.949915
{"date":"2019-12-14"},3747,3.862135
{"date":"2019-12-15"},3615,3.68684
{"date":"2019-12-16"},3434,3.495705
{"date":"2019-12-17"},3431,3.53028
{"date":"2019-12-18"},3191,3.349935
{"date":"2019-12-19"},3712,3.84921
{"date":"2019-12-20"},3639,3.75854
{"date":"2019-12-21"},3441,3.759125
{"date":"2019-12-22"},3549,3.63996
{"date":"2019-12-23"},3554,3.62611
{"date":"2019-12-24"},3455,5.62695
{"date":"2019-12-25"},3456,3.52938
{"date":"2019-12-26"},3366,3.71874
{"date":"2019-12-27"},3519,3.58912
{"date":"2019-12-28"},3308,3.360945
{"date":"2019-12-29"},3361,3.40071
{"date":"2019-12-30"},3344,3.413185
{"date":"2019-12-31"},3517,3.63305
{"date":"2020-01-01"},4285,4.813755
{"date":"2020-01-02"},4349,4.640965
{"date":"2020-01-03"},4494,5.066435
{"date":"2020-01-04"},4922,5.464775
{"date":"2020-01-05"},3524,3.601545
{"date":"2020-01-06"},6019,6.60604
{"date":"2020-01-07"},4954,5.42168
{"date":"2020-01-08"},4877,5.263705
{"date":"2020-01-09"},4844,5.18075
{"date":"2020-01-10"},4985,5.56464
{"date":"2020-01-11"},5096,6.388735
{"date":"2020-01-12"},4581,5.131085
{"date":"2020-01-13"},4996,6.198985
{"date":"2020-01-14"},5486,5.92868
{"date":"2020-01-15"},5151,5.864515
{"date":"2020-01-16"},5453,6.32658
{"date":"2020-01-17"},5518,5.973365
{"date":"2020-01-18"},3915,4.060055
{"date":"2020-01-19"},5636,5.988935
{"date":"2020-01-20"},4205,4.27145
{"date":"2020-01-21"},5268,6.096895
{"date":"2020-01-22"},5163,6.21794
{"date":"2020-01-23"},4840,4.91275
{"date":"2020-01-24"},5895,6.30297
{"date":"2020-01-25"},4888,5.201875
{"date":"2020-01-26"},5154,5.315565
{"date":"2020-01-27"},4826,5.29725
{"date":"2020-01-28"},5262,6.248435
{"date":"2020-01-29"},4931,5.52526
{"date":"2020-01-30"},5043,7.222215
{"date":"2020-01-31"},5567,6.171115
{"date":"2020-02-01"},5076,5.934135
{"date":"2020-02-02"},5408,6.557485
{"date":"2020-02-03"},5601,6.505805
{"date":"2020-02-04"},5830,6.953245
{"date":"2020-02-05"},5508,6.65735
{"date":"2020-02-06"},5439,6.354065
{"date":"2020-02-07"},5940,7.081195
{"date":"2020-02-08"},5680,7.536835
{"date":"2020-02-09"},5846,7.134635
{"date":"2020-02-10"},6044,33113.446865
{"date":"2020-02-11"},5732,7.214745
{"date":"2020-02-12"},6098,7.52584
{"date":"2020-02-13"},6143,8.441605
{"date":"2020-02-14"},5673,7.762135
{"date":"2020-02-15"},5863,7.144285
{"date":"2020-02-16"},5780,7.51895
{"date":"2020-02-17"},6071,7.911015
{"date":"2020-02-18"},4634,6.604735
{"date":"2020-02-19"},7282,10.602815
{"date":"2020-02-20"},9137,10.97872
{"date":"2020-02-21"},7127,9.681615
{"date":"2020-02-22"},6124,6.94576
{"date":"2020-02-23"},5909,6.873145
{"date":"2020-02-24"},7046,8.224795
{"date":"2020-02-25"},6858,8.92129
{"date":"2020-02-26"},6444,7.40695
{"date":"2020-02-27"},6643,7.47752
{"date":"2020-02-28"},5875,7.04351
{"date":"2020-02-29"},6483,7.545415
{"date":"2020-03-01"},5796,6.83893
{"date":"2020-03-02"},7090,8.488625
{"date":"2020-03-03"},6349,8.09977
{"date":"2020-03-04"},7296,11.289225
{"date":"2020-03-05"},6051,8.30658
{"date":"2020-03-06"},6397,7.72315
{"date":"2020-03-07"},6104,7.12203
{"date":"2020-03-08"},6752,8.651345
{"date":"2020-03-09"},6200,7.818855
{"date":"2020-03-10"},5882,7.28028
{"date":"2020-03-11"},5513,6.242225
{"date":"2020-03-12"},6933,7.934405
{"date":"2020-03-13"},6754,8.1106
{"date":"2020-03-14"},5682,5.96038
{"date":"2020-03-15"},5689,5.909955
{"date":"2020-03-16"},5312,5.432135
{"date":"2020-03-17"},5399,63.33378
{"date":"2020-03-18"},5381,86.28295
{"date":"2020-03-19"},11118,933.166685
{"date":"2020-03-20"},13337,909.788395
{"date":"2020-03-21"},6746,8.674755
{"date":"2020-03-22"},5624,6.334165
{"date":"2020-03-23"},5338,10.23034
{"date":"2020-03-24"},5398,6.081995
{"date":"2020-03-25"},5727,8.925325
{"date":"2020-03-26"},5277,6.8671
{"date":"2020-03-27"},5513,8.314565
{"date":"2020-03-28"},5431,7.22724
{"date":"2020-03-29"},4973,5.66307
{"date":"2020-03-30"},78987,80.000505
{"date":"2020-03-31"},4844,5.715995
{"date":"2020-04-01"},5102,8.43027
{"date":"2020-04-02"},5200,6.45034
{"date":"2020-04-03"},4886,5.922325
{"date":"2020-04-04"},5619,6.31709
{"date":"2020-04-05"},5335,6.30599
{"date":"2020-04-06"},5423,6.580055
{"date":"2020-04-07"},5769,6.72374
{"date":"2020-04-08"},5458,6.41377
{"date":"2020-04-09"},5482,8.16691
{"date":"2020-04-10"},5630,7.059135
{"date":"2020-04-11"},5058,5.704645
{"date":"2020-04-12"},5080,7.42038
{"date":"2020-04-13"},5166,6.642035
{"date":"2020-04-14"},5055,9.780775
{"date":"2020-04-15"},5214,6.445005
{"date":"2020-04-16"},7469,256.66883
{"date":"2020-04-17"},5156,6.385855
{"date":"2020-04-18"},5019,6.861825
{"date":"2020-04-19"},5125,5.98014
{"date":"2020-04-20"},8175,10.62938
{"date":"2020-04-21"},6384,8.475755
{"date":"2020-04-22"},5447,7.81099
{"date":"2020-04-23"},6038,7.62315
{"date":"2020-04-24"},8042,10.214325
{"date":"2020-04-25"},24189,26.10697
{"date":"2020-04-26"},7475,8.547545
{"date":"2020-04-27"},11549,13.66581
{"date":"2020-04-28"},9895,12.506625
{"date":"2020-04-29"},6006,9.881945
{"date":"2020-04-30"},6301,8.730925
{"date":"2020-05-01"},6331,10.193575
{"date":"2020-05-02"},6221,10.03231
{"date":"2020-05-03"},6157,7.692195
{"date":"2020-05-04"},4600,11.258535
{"date":"2020-05-05"},6380,9.95857
{"date":"2020-05-06"},5683,11.79005
{"date":"2020-05-07"},7696,13.85247
{"date":"2020-05-08"},6901,12.377025
{"date":"2020-05-09"},5912,13.569135
{"date":"2020-05-10"},6135,8.31489
{"date":"2020-05-11"},7155,10.644785
{"date":"2020-05-12"},7132,9.34857
{"date":"2020-05-13"},7610,9.358445
{"date":"2020-05-14"},7686,15.67114
{"date":"2020-05-15"},6734,8.717775
{"date":"2020-05-16"},6340,8.575385
{"date":"2020-05-17"},6417,7.528545
{"date":"2020-05-18"},5727,6.84024
{"date":"2020-05-19"},6433,9.10147
{"date":"2020-05-20"},5934,9.248845
{"date":"2020-05-21"},23042,25.008265
{"date":"2020-05-22"},91953,95.689165
{"date":"2020-05-23"},92391,97.13524
{"date":"2020-05-24"},92960,96.026185
{"date":"2020-05-25"},90439,93.45823
{"date":"2020-05-26"},98874,102.481635
{"date":"2020-05-27"},59291,64.327615
{"date":"2020-05-28"},52556,54.817565
{"date":"2020-05-29"},48122,55.31645
{"date":"2020-05-30"},51276,57.726545
{"date":"2020-05-31"},49937,54.620345
{"date":"2020-06-01"},51128,56.63237
{"date":"2020-06-02"},51279,56.253125
{"date":"2020-06-03"},49995,55.20792
{"date":"2020-06-04"},51771,58.527335
{"date":"2020-06-05"},48713,55.99484
{"date":"2020-06-06"},48672,52.533605
{"date":"2020-06-07"},48817,52.23265
{"date":"2020-06-08"},42679,46.457275
{"date":"2020-06-09"},6202,11.106505
{"date":"2020-06-10"},5983,7.958575
{"date":"2020-06-11"},5973,11.13755
{"date":"2020-06-12"},5855,7.78317
{"date":"2020-06-13"},5294,5.90572
{"date":"2020-06-14"},5872,7.83011
{"date":"2020-06-15"},6011,8.984093
{"date":"2020-06-16"},5981,7.20957
{"date":"2020-06-17"},6889,14.115595
{"date":"2020-06-18"},7860,18.025755
{"date":"2020-06-19"},5991,15.5676
{"date":"2020-06-20"},4968,7.135255
{"date":"2020-06-21"},5526,6.428235
{"date":"2020-06-22"},6643,8.551155
{"date":"2020-06-23"},5733,8.954365
{"date":"2020-06-24"},6022,9.56378
{"date":"2020-06-25"},5915,9.389575
{"date":"2020-06-26"},5855,9.322425
{"date":"2020-06-27"},5893,11.855015
{"date":"2020-06-28"},5274,10.38821
{"date":"2020-06-29"},5527,8.75608
{"date":"2020-06-30"},5341,8.27559
{"date":"2020-07-01"},5666,7.801637
{"date":"2020-07-02"},5687,12.37309
{"date":"2020-07-03"},5280,7.61407
{"date":"2020-07-04"},5399,6.55857
{"date":"2020-07-05"},5384,7.28246
{"date":"2020-07-06"},5947,8.728825
{"date":"2020-07-07"},6380,11.888555
{"date":"2020-07-08"},5941,65.315273
{"date":"2020-07-09"},5700,64.82943
{"date":"2020-07-10"},6341,52.052565
{"date":"2020-07-11"},7909,111.301845
{"date":"2020-07-12"},6613,82.563535
{"date":"2020-07-13"},6930,101.33747
{"date":"2020-07-14"},6020,26.709548
{"date":"2020-07-15"},6403,11.055075
{"date":"2020-07-16"},10642,20.923275
{"date":"2020-07-17"},9267,17.52661
{"date":"2020-07-18"},6562,12.444985
{"date":"2020-07-19"},6519,12.67073
{"date":"2020-07-20"},7518,10.928375
{"date":"2020-07-21"},6762,14.353538
{"date":"2020-07-22"},6066,9.30845
{"date":"2020-07-23"},6842,12.399255
{"date":"2020-07-24"},5873,9.30818
{"date":"2020-07-25"},5939,28.676315
{"date":"2020-07-26"},5889,13.879105
{"date":"2020-07-27"},6465,10.36205
{"date":"2020-07-28"},7541,12.244883
{"date":"2020-07-29"},274950,279.126995
{"date":"2020-07-30"},620018,624.696928
{"date":"2020-07-31"},358567,361.419789
{"date":"2020-08-01"},348431,351.42446
{"date":"2020-08-02"},325410,331.186415
{"date":"2020-08-03"},339757,344.08245
{"date":"2020-08-04"},351410,354.322221
{"date":"2020-08-05"},325065,329.771963
{"date":"2020-08-06"},481902,486.276261
{"date":"2020-08-07"},2163214,2167.13069
{"date":"2020-08-08"},785159,789.00643
{"date":"2020-08-09"},432417,435.53765
{"date":"2020-08-10"},423666,427.623745
{"date":"2020-08-11"},1353976,1359.601021
{"date":"2020-08-12"},1575755,1578.744358
{"date":"2020-08-13"},1492302,1503.14414
{"date":"2020-08-14"},1205562,1214.53288
{"date":"2020-08-15"},1201027,1207.122355
{"date":"2020-08-16"},1206735,1211.08069
{"date":"2020-08-17"},1238628,1245.68719
{"date":"2020-08-18"},1204981,1212.988485
{"date":"2020-08-19"},1186976,1198.20286
{"date":"2020-08-20"},1204787,1211.890025
{"date":"2020-08-21"},1059717,1067.182525
{"date":"2020-08-22"},827725,832.75534
{"date":"2020-08-23"},803290,806.18659
{"date":"2020-08-24"},783706,788.34257
{"date":"2020-08-25"},479429,485.23919
{"date":"2020-08-26"},408905,414.605775
{"date":"2020-08-27"},386617,392.143445
{"date":"2020-08-28"},485914,494.429085
{"date":"2020-08-29"},591793,596.09955
{"date":"2020-08-30"},531698,534.376575
{"date":"2020-08-31"},544990,550.86625
{"date":"2020-09-01"},546629,552.82806
{"date":"2020-09-02"},543863,552.35248
{"date":"2020-09-03"},525847,532.260225
{"date":"2020-09-04"},531119,540.747155
{"date":"2020-09-05"},529792,536.352845
{"date":"2020-09-06"},547816,552.34062
{"date":"2020-09-07"},517453,522.14993
{"date":"2020-09-08"},516839,526.017085
{"date":"2020-09-09"},551970,560.962935
{"date":"2020-09-10"},530423,536.593735
{"date":"2020-09-11"},547493,553.992905
{"date":"2020-09-12"},537269,539.912275
{"date":"2020-09-13"},536211,538.900085
{"date":"2020-09-14"},511884,514.112545
{"date":"2020-09-15"},521479,524.68096
{"date":"2020-09-16"},549870,552.104485
{"date":"2020-09-17"},530767,534.33642
{"date":"2020-09-18"},534353,537.245145
{"date":"2020-09-19"},548441,551.510515
{"date":"2020-09-20"},531708,533.80733
{"date":"2020-09-21"},534132,542.156375
{"date":"2020-09-22"},505997,509.621695
{"date":"2020-09-23"},534589,539.955575
{"date":"2020-09-24"},545716,548.385695
{"date":"2020-09-25"},548494,552.03407
{"date":"2020-09-26"},543390,545.78624
{"date":"2020-09-27"},551198,552.935035
{"date":"2020-09-28"},567951,570.223665
{"date":"2020-09-29"},541698,544.50094
{"date":"2020-09-30"},548597,551.174015
{"date":"2020-10-01"},524326,528.964615
{"date":"2020-10-02"},534760,539.476425
{"date":"2020-10-03"},533917,535.385555
{"date":"2020-10-04"},536520,538.188405
{"date":"2020-10-05"},544185,546.119767
{"date":"2020-10-06"},555877,557.662485
{"date":"2020-10-07"},545761,550.717185
{"date":"2020-10-08"},533203,535.41151
{"date":"2020-10-09"},558553,560.48154
{"date":"2020-10-10"},553234,555.898805
{"date":"2020-10-11"},519399,520.803075
{"date":"2020-10-12"},520426,523.7908
{"date":"2020-10-13"},498789,500.97092
{"date":"2020-10-14"},519011,521.207245
{"date":"2020-10-15"},526386,528.630525
{"date":"2020-10-16"},521695,523.709665
{"date":"2020-10-17"},545800,547.208135
{"date":"2020-10-18"},553935,555.514675
{"date":"2020-10-19"},553120,555.5574
{"date":"2020-10-20"},536252,538.24194
{"date":"2020-10-21"},555733,559.533895
{"date":"2020-10-22"},581061,582.58846
{"date":"2020-10-23"},565625,567.529645
{"date":"2020-10-24"},559253,561.108915
{"date":"2020-10-25"},538863,539.95201
{"date":"2020-10-26"},505129,506.96237
{"date":"2020-10-27"},562214,564.153315
{"date":"2020-10-28"},533592,537.190105
{"date":"2020-10-29"},543187,545.03166
{"date":"2020-10-30"},559452,563.747265
{"date":"2020-10-31"},596263,599.955925
{"date":"2020-11-01"},551006,552.557885
{"date":"2020-11-02"},555534,557.37697
{"date":"2020-11-03"},540663,544.68215
{"date":"2020-11-04"},529926,532.99703
{"date":"2020-11-05"},550171,553.32275
{"date":"2020-11-06"},582470,586.152177
{"date":"2020-11-07"},589886,593.1285
{"date":"2020-11-08"},587216,590.5569
{"date":"2020-11-09"},572198,574.3925
{"date":"2020-11-10"},579357,582.051235
{"date":"2020-11-11"},558721,560.611755
{"date":"2020-11-12"},565929,569.268735
{"date":"2020-11-13"},565889,568.682745
{"date":"2020-11-14"},559572,561.212095
{"date":"2020-11-15"},584339,586.915515
{"date":"2020-11-16"},571162,574.71113
{"date":"2020-11-17"},558716,563.31202
{"date":"2020-11-18"},568555,573.39044
{"date":"2020-11-19"},557549,560.1897
{"date":"2020-11-20"},566236,569.15371
{"date":"2020-11-21"},600785,605.74911
{"date":"2020-11-22"},582176,586.008955
{"date":"2020-11-23"},569776,574.0375
{"date":"2020-11-24"},559236,566.0937
{"date":"2020-11-25"},540069,544.08487
{"date":"2020-11-26"},600280,609.205515
{"date":"2020-11-27"},586357,593.0071
{"date":"2020-11-28"},601591,603.306895
{"date":"2020-11-29"},621827,623.75904
{"date":"2020-11-30"},615023,616.896085
{"date":"2020-12-01"},591291,595.810775
{"date":"2020-12-02"},553217,556.51038
{"date":"2020-12-03"},555203,560.16127
{"date":"2020-12-04"},549122,554.02854
{"date":"2020-12-05"},550932,553.902225
{"date":"2020-12-06"},554185,555.806495
{"date":"2020-12-07"},545700,550.30574
{"date":"2020-12-08"},572350,575.163135
{"date":"2020-12-09"},544709,548.020555
{"date":"2020-12-10"},539497,545.454025
{"date":"2020-12-11"},559969,563.31779
{"date":"2020-12-12"},589172,592.064445
{"date":"2020-12-13"},578770,581.990295
{"date":"2020-12-14"},577436,581.09777
{"date":"2020-12-15"},601444,616.01585
{"date":"2020-12-16"},587283,607.647635
{"date":"2020-12-17"},601764,614.239585
{"date":"2020-12-18"},581996,587.64202
{"date":"2020-12-19"},620908,625.27344
{"date":"2020-12-20"},632144,636.56183
{"date":"2020-12-21"},610917,617.401505
{"date":"2020-12-22"},635905,640.81486
{"date":"2020-12-23"},625339,631.359175
{"date":"2020-12-24"},609227,613.61126
{"date":"2020-12-25"},614606,618.693115
{"date":"2020-12-26"},621975,625.76339
{"date":"2020-12-27"},636408,640.27372
{"date":"2020-12-28"},622765,628.81794
{"date":"2020-12-29"},609247,613.344485
{"date":"2020-12-30"},648761,653.60157
{"date":"2020-12-31"},673266,675.795635
{"date":"2021-01-01"},618376,628.576835
{"date":"2021-01-02"},612898,621.605115
{"date":"2021-01-03"},653889,659.370725
{"date":"2021-01-04"},630528,636.616565
{"date":"2021-01-05"},629706,644.54184
{"date":"2021-01-06"},643546,658.96594
{"date":"2021-01-07"},618577,629.27503
{"date":"2021-01-08"},673761,681.14481
{"date":"2021-01-09"},785016,795.16809
{"date":"2021-01-10"},756539,764.57977
{"date":"2021-01-11"},714910,724.250905
{"date":"2021-01-12"},698851,706.242991
{"date":"2021-01-13"},743245,746.995565
{"date":"2021-01-14"},708602,714.861745
{"date":"2021-01-15"},703132,714.13768
{"date":"2021-01-16"},710931,721.600435
{"date":"2021-01-17"},711190,723.92248
{"date":"2021-01-18"},715348,724.45713
{"date":"2021-01-19"},683228,690.801765
{"date":"2021-01-20"},692321,700.71822
{"date":"2021-01-21"},666095,675.10467
{"date":"2021-01-22"},720202,727.834665
{"date":"2021-01-23"},709236,716.95945
{"date":"2021-01-24"},706568,716.13209
{"date":"2021-01-25"},689030,696.40771
{"date":"2021-01-26"},687864,695.69826
{"date":"2021-01-27"},738953,745.15313
{"date":"2021-01-28"},738077,744.457195
{"date":"2021-01-29"},704567,715.97278
{"date":"2021-01-30"},717447,730.780195
{"date":"2021-01-31"},704194,713.20026
{"date":"2021-02-01"},713525,725.919395
{"date":"2021-02-02"},676789,686.25549
{"date":"2021-02-03"},695386,706.54408
{"date":"2021-02-04"},669060,681.743305
{"date":"2021-02-05"},700311,718.633034
{"date":"2021-02-06"},731520,745.29554
{"date":"2021-02-07"},722930,740.854182
{"date":"2021-02-08"},701699,749.634018
{"date":"2021-02-09"},723387,742.96901
{"date":"2021-02-10"},721627,738.497677
{"date":"2021-02-11"},737865,769.025606
{"date":"2021-02-12"},789348,839.63717
{"date":"2021-02-13"},772285,810.034535
{"date":"2021-02-14"},756023,782.366867
{"date":"2021-02-15"},774533,807.493477
{"date":"2021-02-16"},762323,790.290308
{"date":"2021-02-17"},788832,842.097
{"date":"2021-02-18"},772522,811.817309
{"date":"2021-02-19"},767342,796.921275
{"date":"2021-02-20"},840455,872.302656
{"date":"2021-02-21"},808145,831.111447
{"date":"2021-02-22"},815037,843.033979
{"date":"2021-02-23"},832009,869.72951
{"date":"2021-02-24"},840650,873.450593
{"date":"2021-02-25"},970838,1030.840952
{"date":"2021-02-26"},1054469,1129.592547
{"date":"2021-02-27"},943780,982.260566
{"date":"2021-02-28"},873665,889.31532
{"date":"2021-03-01"},953852,969.349785
{"date":"2021-03-02"},897954,917.507669
{"date":"2021-03-03"},742149,761.826669
{"date":"2021-03-04"},831634,854.725311
{"date":"2021-03-05"},842560,861.362518
{"date":"2021-03-06"},757995,770.486797
{"date":"2021-03-07"},774577,790.283578
{"date":"2021-03-08"},875940,891.88431
{"date":"2021-03-09"},866027,884.982498
{"date":"2021-03-10"},908222,937.662278
{"date":"2021-03-11"},1081715,1097.928298
{"date":"2021-03-12"},1017677,1040.046544
{"date":"2021-03-13"},989206,1013.140937
{"date":"2021-03-14"},980373,1000.044553
{"date":"2021-03-15"},1127480,1157.183856
{"date":"2021-03-16"},1213343,1231.882656
{"date":"2021-03-17"},1073953,1089.320678
{"date":"2021-03-18"},1110017,1140.50074
{"date":"2021-03-19"},652508,670.896472
{"date":"2021-03-20"},814574,834.101862
{"date":"2021-03-21"},690434,709.001056
{"date":"2021-03-22"},5861393,5888.064692
{"date":"2021-03-23"},9271981,9291.650009
{"date":"2021-03-24"},647685,671.065402
{"date":"2021-03-25"},886623,907.301041
{"date":"2021-03-26"},848114,860.433631
{"date":"2021-03-27"},898836,912.532422
{"date":"2021-03-28"},884974,904.841705
{"date":"2021-03-29"},874647,896.495453
{"date":"2021-03-30"},666011,690.244129
{"date":"2021-03-31"},892171,915.049692
{"date":"2021-04-01"},875102,896.946417
{"date":"2021-04-02"},656867,682.645216
{"date":"2021-04-03"},889763,910.520598
{"date":"2021-04-04"},838450,858.453713
{"date":"2021-04-05"},905711,928.421279
{"date":"2021-04-06"},879099,909.042712
{"date":"2021-04-07"},721248,747.185305
{"date":"2021-04-08"},824065,846.81102
{"date":"2021-04-09"},772409,810.398053
{"date":"2021-04-10"},929308,962.81121
{"date":"2021-04-11"},927703,953.041905
{"date":"2021-04-12"},892150,927.512109
{"date":"2021-04-13"},727519,764.863502
{"date":"2021-04-14"},800885,835.145325
{"date":"2021-04-15"},654379,692.674277
{"date":"2021-04-16"},671296,708.399731
{"date":"2021-04-17"},643569,714.407706
{"date":"2021-04-18"},679316,718.075173
{"date":"2021-04-19"},619795,650.176137
{"date":"2021-04-20"},662277,694.36298
{"date":"2021-04-21"},545866,578.350093
{"date":"2021-04-22"},543871,583.286544
{"date":"2021-04-23"},539774,583.082703
{"date":"2021-04-24"},541888,557.602743
{"date":"2021-04-25"},530052,545.822151
{"date":"2021-04-26"},577723,598.831539
{"date":"2021-04-27"},737534,767.736772
{"date":"2021-04-28"},871408,895.923167
{"date":"2021-04-29"},970928,1011.140003
{"date":"2021-04-30"},788706,818.896641
{"date":"2021-05-01"},596307,619.29219
{"date":"2021-05-02"},841405,862.012247
{"date":"2021-05-03"},715564,740.177935
{"date":"2021-05-04"},857754,885.860055
{"date":"2021-05-05"},1073184,1101.502461
{"date":"2021-05-06"},3888576,3926.678607
{"date":"2021-05-07"},761898,792.894267
{"date":"2021-05-08"},935548,954.98054
{"date":"2021-05-09"},818642,838.381071
{"date":"2021-05-10"},834647,854.61497
{"date":"2021-05-11"},788138,808.665181
{"date":"2021-05-12"},760258,781.535515
{"date":"2021-05-13"},748391,778.0618
{"date":"2021-05-14"},784977,819.085167
{"date":"2021-05-15"},829507,865.490343
{"date":"2021-05-16"},798338,826.684188
{"date":"2021-05-17"},785335,820.834811
{"date":"2021-05-18"},799704,833.05934
{"date":"2021-05-19"},828300,902.309545
{"date":"2021-05-20"},897496,953.461511
{"date":"2021-05-21"},838480,876.327752
{"date":"2021-05-22"},813603,838.650229
{"date":"2021-05-23"},787404,818.427841
{"date":"2021-05-24"},625053,648.081304
{"date":"2021-05-25"},536778,556.856004
{"date":"2021-05-26"},536653,557.327321
{"date":"2021-05-27"},523830,543.929161
{"date":"2021-05-28"},506361,557.44351
{"date":"2021-05-29"},500177,531.727478
{"date":"2021-05-30"},521681,559.286968
{"date":"2021-05-31"},569142,626.078698
{"date":"2021-06-01"},633862,817.108677
{"date":"2021-06-02"},753662,917.63523
{"date":"2021-06-03"},556884,646.199087
{"date":"2021-06-04"},856347,1046.824601
{"date":"2021-06-05"},896829,950.404755
{"date":"2021-06-06"},878070,913.053537
{"date":"2021-06-07"},990066,1032.653706
{"date":"2021-06-08"},885439,919.377842
{"date":"2021-06-09"},946127,996.208372
{"date":"2021-06-10"},904977,946.163346
{"date":"2021-06-11"},950150,1014.971716
{"date":"2021-06-12"},998076,1031.826147
{"date":"2021-06-13"},1033748,1063.389297
{"date":"2021-06-14"},997500,1033.633888
{"date":"2021-06-15"},899868,928.566276
{"date":"2021-06-16"},934642,978.277624
{"date":"2021-06-17"},1083839,1113.936821
{"date":"2021-06-18"},1004800,1040.616895
{"date":"2021-06-19"},989988,1017.055153
{"date":"2021-06-20"},1014858,1039.461206
{"date":"2021-06-21"},1044950,1078.775653
{"date":"2021-06-22"},1035096,1079.574587
{"date":"2021-06-23"},1030861,1065.465201
{"date":"2021-06-24"},807713,835.373549
{"date":"2021-06-25"},1064290,1106.565258
{"date":"2021-06-26"},1053088,1083.574352
{"date":"2021-06-27"},953030,979.778188
{"date":"2021-06-28"},785396,809.912853
{"date":"2021-06-29"},1141738,1173.700904
{"date":"2021-06-30"},1042393,1072.484992
{"date":"2021-07-01"},1163570,1251.496123
{"date":"2021-07-02"},1198764,1317.341043
{"date":"2021-07-03"},1194760,1279.281239
{"date":"2021-07-04"},1204560,1258.576653
{"date":"2021-07-05"},1276011,1322.656972
{"date":"2021-07-06"},1300370,1361.556395
{"date":"2021-07-07"},1365660,1442.019259
{"date":"2021-07-08"},1371990,1455.537833
{"date":"2021-07-09"},1304695,1363.692937
{"date":"2021-07-10"},1435414,1511.873192
{"date":"2021-07-11"},1385980,1439.673762
{"date":"2021-07-12"},1444676,1502.905282
{"date":"2021-07-13"},1183980,1235.450529
{"date":"2021-07-14"},932349,975.796302
{"date":"2021-07-15"},934031,983.859848
{"date":"2021-07-16"},849593,926.036848
{"date":"2021-07-17"},715279,750.552442
{"date":"2021-07-18"},883494,910.51429
{"date":"2021-07-19"},888128,921.619401
{"date":"2021-07-20"},868470,897.509413
{"date":"2021-07-21"},707627,737.885817
{"date":"2021-07-22"},725553,748.197174
{"date":"2021-07-23"},905102,929.719018
{"date":"2021-07-24"},556144,606.414582
{"date":"2021-07-25"},615414,652.873356
{"date":"2021-07-26"},789527,832.781901
{"date":"2021-07-27"},852344,890.549073
{"date":"2021-07-28"},632368,675.748324
{"date":"2021-07-29"},657341,699.806704
{"date":"2021-07-30"},878265,921.953371
{"date":"2021-07-31"},713152,752.5096
{"date":"2021-08-01"},820717,1081.148299
{"date":"2021-08-02"},824373,997.245033
{"date":"2021-08-03"},773822,868.261823
{"date":"2021-08-04"},948236,1024.658929
{"date":"2021-08-05"},1080590,1209.201609
{"date":"2021-08-06"},997620,1086.618801
{"date":"2021-08-07"},930759,1248.505878
{"date":"2021-08-08"},907923,964.707458
{"date":"2021-08-09"},989324,1074.47174
{"date":"2021-08-10"},1044654,1128.474777
{"date":"2021-08-11"},935898,964.953528
{"date":"2021-08-12"},909377,927.395122
{"date":"2021-08-13"},967833,997.773112
{"date":"2021-08-14"},948626,976.918699
{"date":"2021-08-15"},878557,900.390025
{"date":"2021-08-16"},787415,805.566225
{"date":"2021-08-17"},781957,835.116526
{"date":"2021-08-18"},893144,940.819602
{"date":"2021-08-19"},658864,707.704854
{"date":"2021-08-20"},710091,759.946073
{"date":"2021-08-21"},953701,981.596795
{"date":"2021-08-22"},683557,720.18057
{"date":"2021-08-23"},763735,801.357842
{"date":"2021-08-24"},942497,974.623996
{"date":"2021-08-25"},687240,731.800686
{"date":"2021-08-26"},821464,872.511907
{"date":"2021-08-27"},935155,982.125193
{"date":"2021-08-28"},952637,983.208175
{"date":"2021-08-29"},937720,978.618226
{"date":"2021-08-30"},986236,1045.686357
{"date":"2021-08-31"},962955,1008.475547
{"date":"2021-09-01"},1092689,1133.346352
{"date":"2021-09-02"},1150167,1185.047632
{"date":"2021-09-03"},1096413,1130.902582
{"date":"2021-09-04"},1099495,1126.345288
{"date":"2021-09-05"},1089316,1118.920933
{"date":"2021-09-06"},1148115,1197.031799
{"date":"2021-09-07"},1078096,1122.257433
{"date":"2021-09-08"},1101560,1167.136407
{"date":"2021-09-09"},1119749,1207.440182
{"date":"2021-09-10"},1102699,1157.646393
{"date":"2021-09-11"},1072222,1113.06079
{"date":"2021-09-12"},1016455,1069.053394
{"date":"2021-09-13"},1249501,1322.664759
{"date":"2021-09-14"},1364768,1443.294207
{"date":"2021-09-15"},1506879,1617.492338
{"date":"2021-09-16"},1262135,1396.963775
{"date":"2021-09-17"},1127278,1250.978156
{"date":"2021-09-18"},1098669,1165.297102
{"date":"2021-09-19"},1132237,1185.202579
{"date":"2021-09-20"},1126514,1211.262967
{"date":"2021-09-21"},1125131,1195.656858
{"date":"2021-09-22"},1123409,1190.025601
{"date":"2021-09-23"},1122540,1175.762173
{"date":"2021-09-24"},1152887,1206.854207
{"date":"2021-09-25"},1135703,1175.280048
{"date":"2021-09-26"},1000885,1065.439722
{"date":"2021-09-27"},1169778,1222.881908
{"date":"2021-09-28"},1420098,1480.370273
{"date":"2021-09-29"},1380132,1433.941976
{"date":"2021-09-30"},1190083,1239.772833
{"date":"2021-10-01"},1120347,1190.438327
{"date":"2021-10-02"},1133851,1183.099555
{"date":"2021-10-03"},1185119,1256.91804
{"date":"2021-10-04"},1210683,1282.236271
{"date":"2021-10-05"},959111,1067.206777
{"date":"2021-10-06"},1008392,1085.454893
{"date":"2021-10-07"},1042302,1111.787075
{"date":"2021-10-08"},1198427,1262.591607
{"date":"2021-10-09"},1153184,1188.486184
{"date":"2021-10-10"},1243573,1294.47665
{"date":"2021-10-11"},2280287,2340.250557
{"date":"2021-10-12"},1632606,1789.96106
{"date":"2021-10-13"},1477013,1527.970471
{"date":"2021-10-14"},1422775,1516.851868
{"date":"2021-10-15"},1247951,1330.438466
{"date":"2021-10-16"},1189984,1260.729336
{"date":"2021-10-17"},1252155,1320.094229
{"date":"2021-10-18"},1375981,1451.450104
{"date":"2021-10-19"},1481545,1563.255624
{"date":"2021-10-20"},1278179,1353.18133
{"date":"2021-10-21"},1212783,1294.765573
{"date":"2021-10-22"},1250285,1342.46439
{"date":"2021-10-23"},1269680,1335.405519
{"date":"2021-10-24"},1267427,1335.257405
{"date":"2021-10-25"},1083804,1158.98954
{"date":"2021-10-26"},1104401,1174.765485
{"date":"2021-10-27"},1286509,1388.875519
{"date":"2021-10-28"},1290651,1360.716133
{"date":"2021-10-29"},1341356,1391.841707
{"date":"2021-10-30"},1646830,1711.351005
{"date":"2021-10-31"},1364688,1410.311159
{"date":"2021-11-01"},1357720,1417.141053
{"date":"2021-11-02"},1330032,1401.850174
{"date":"2021-11-03"},1382378,1651.779261
{"date":"2021-11-04"},1911968,2059.581576
{"date":"2021-11-05"},2184866,2349.111485
{"date":"2021-11-06"},2078134,2250.448899
{"date":"2021-11-07"},1894690,2023.167456
{"date":"2021-11-08"},2460455,2656.930104
{"date":"2021-11-09"},2234879,2395.704954
{"date":"2021-11-10"},2328791,2515.260794
{"date":"2021-11-11"},2112483,2263.728208
{"date":"2021-11-12"},2143500,2302.686565
{"date":"2021-11-13"},1844189,1939.677266
{"date":"2021-11-14"},1953479,2065.147172
{"date":"2021-11-15"},2201795,2333.712286
{"date":"2021-11-16"},2796366,2927.314789
{"date":"2021-11-17"},2715925,2829.932648
{"date":"2021-11-18"},2219625,2418.635448
{"date":"2021-11-19"},2127878,2545.476512
{"date":"2021-11-20"},1943993,2035.592229
{"date":"2021-11-21"},1943049,2076.168789
{"date":"2021-11-22"},1775325,1926.558537
{"date":"2021-11-23"},1584592,1769.517702
{"date":"2021-11-24"},1536224,1722.994625
{"date":"2021-11-25"},1611362,1741.169847
{"date":"2021-11-26"},1644109,1770.089345
{"date":"2021-11-27"},1643699,1735.808647
{"date":"2021-11-28"},1305204,1403.937161
{"date":"2021-11-29"},1462551,1589.501613
{"date":"2021-11-30"},1641405,1777.790809
{"date":"2021-12-01"},1617615,1732.491779
{"date":"2021-12-02"},1547801,1678.841683
{"date":"2021-12-03"},1495113,1605.272543
{"date":"2021-12-04"},1368164,1502.285892
{"date":"2021-12-05"},1226384,1351.788859
{"date":"2021-12-06"},1381389,1533.013003
{"date":"2021-12-07"},1334191,1474.035676
{"date":"2021-12-08"},1045291,1183.773437
{"date":"2021-12-09"},986674,1170.259953
{"date":"2021-12-10"},1089248,1268.495446
{"date":"2021-12-11"},1033042,1167.742751
{"date":"2021-12-12"},802078,901.161875
{"date":"2021-12-13"},1164157,1347.793616
{"date":"2021-12-14"},1361007,1495.323269
{"date":"2021-12-15"},1445191,1574.239352
{"date":"2021-12-16"},2040826,2139.176486
{"date":"2021-12-17"},1647332,1749.993576
{"date":"2021-12-18"},1673769,1810.783461
{"date":"2021-12-19"},2106740,2243.835332
{"date":"2021-12-20"},3189011,3372.063427
{"date":"2021-12-21"},2787050,2942.728241
{"date":"2021-12-22"},4796101,4973.306876
{"date":"2021-12-23"},4159681,4336.946342
{"date":"2021-12-24"},3765215,3933.802951
{"date":"2021-12-25"},4605829,4917.10417
{"date":"2021-12-26"},4495640,5258.39127
{"date":"2021-12-27"},4539896,5368.659019
{"date":"2021-12-28"},1604070,2387.666244
{"date":"2021-12-29"},1526906,2262.862438
{"date":"2021-12-30"},1828318,3018.696821
{"date":"2021-12-31"},1597831,2781.447301
{"date":"2022-01-01"},2040557,2903.595024
{"date":"2022-01-02"},2575290,3471.673438
{"date":"2022-01-03"},2094716,3014.660012
{"date":"2022-01-04"},2161991,3094.038486
{"date":"2022-01-05"},2082153,2999.344919
{"date":"2022-01-06"},1650207,2584.765866
{"date":"2022-01-07"},4960624,5961.324002
{"date":"2022-01-08"},1304788,2248.979629
{"date":"2022-01-09"},1906535,2840.692564
{"date":"2022-01-10"},1738167,2764.129374
{"date":"2022-01-11"},1963384,3076.749356
{"date":"2022-01-12"},2051096,3140.0307
{"date":"2022-01-13"},1808973,2902.676476
{"date":"2022-01-14"},1767416,2933.45882
{"date":"2022-01-15"},1691359,2805.971135
{"date":"2022-01-16"},1820580,2917.122784
{"date":"2022-01-17"},1842450,2926.409484
{"date":"2022-01-18"},1825783,2958.989273
{"date":"2022-01-19"},2004931,3188.714033
{"date":"2022-01-20"},2125530,3266.016799
{"date":"2022-01-21"},2320801,3463.693347
{"date":"2022-01-22"},2103590,3299.908364
{"date":"2022-01-23"},2032415,3193.181695
{"date":"2022-01-24"},2008072,3182.267107
{"date":"2022-01-25"},2057515,3282.798317
{"date":"2022-01-26"},2027479,3271.655351
{"date":"2022-01-27"},2202207,3451.457534
{"date":"2022-01-28"},2070063,3219.241835
{"date":"2022-01-29"},2069277,3125.234827
{"date":"2022-01-30"},1989656,2960.67643
{"date":"2022-01-31"},1991709,2917.119442
{"date":"2022-02-01"},2062392,2907.718458
{"date":"2022-02-02"},1957768,2723.44576
{"date":"2022-02-03"},2035081,2766.221702
{"date":"2022-02-04"},2089317,2913.008519
{"date":"2022-02-05"},1545978,2319.342815
{"date":"2022-02-06"},2123996,2952.33302
{"date":"2022-02-07"},2081635,2885.88183
{"date":"2022-02-08"},1849785,2695.44989
{"date":"2022-02-09"},1697353,2543.525372
{"date":"2022-02-10"},1926872,2794.84129
{"date":"2022-02-11"},2000024,2910.548756
{"date":"2022-02-12"},1748666,2638.063741
{"date":"2022-02-13"},1792050,2644.981346
{"date":"2022-02-14"},1796352,2666.714127
{"date":"2022-02-15"},1774955,2662.515733
{"date":"2022-02-16"},1633547,2539.406499
{"date":"2022-02-17"},1969342,2813.065241
{"date":"2022-02-18"},2031358,2910.571584
{"date":"2022-02-19"},2270815,3105.387816
{"date":"2022-02-20"},2092176,2960.192475
{"date":"2022-02-21"},2414814,3279.716497
{"date":"2022-02-22"},2357812,3221.629031
{"date":"2022-02-23"},2274089,3082.777298
{"date":"2022-02-24"},1925999,2717.81186
{"date":"2022-02-25"},1732064,2515.26468
{"date":"2022-02-26"},1677051,2383.621254
{"date":"2022-02-27"},1680892,2338.455258
{"date":"2022-02-28"},1923919,2764.355801
{"date":"2022-03-01"},2003277,2865.233158
{"date":"2022-03-02"},2033504,2813.265943
{"date":"2022-03-03"},1839867,2597.557792
{"date":"2022-03-04"},1635824,2338.124865
{"date":"2022-03-05"},1620554,2315.905875
{"date":"2022-03-06"},1620184,2324.349761
{"date":"2022-03-07"},1764906,2495.52237
{"date":"2022-03-08"},1678904,2461.750364
{"date":"2022-03-09"},1658632,2458.520672
{"date":"2022-03-10"},1621450,2389.088605
{"date":"2022-03-11"},1627438,2317.449955
{"date":"2022-03-12"},1508787,2221.773063
{"date":"2022-03-13"},1609619,2341.492432
{"date":"2022-03-14"},1695845,2496.22322
{"date":"2022-03-15"},1526736,2332.995871
{"date":"2022-03-16"},1536271,2372.723492
{"date":"2022-03-17"},1573943,2479.962498
{"date":"2022-03-18"},1681541,2577.261085
{"date":"2022-03-19"},1495708,2298.548075
{"date":"2022-03-20"},1575634,2314.392855
{"date":"2022-03-21"},1530813,1567.441028
{"date":"2022-03-22"},1584857,2042.572196
{"date":"2022-03-23"},1580981,2288.816999
{"date":"2022-03-24"},1691931,2394.752571
{"date":"2022-03-25"},1667914,2415.143252
{"date":"2022-03-26"},1590162,2257.462862
{"date":"2022-03-27"},1628262,2231.014761
{"date":"2022-03-28"},1743994,2389.535373
{"date":"2022-03-29"},1591127,2262.280922
{"date":"2022-03-30"},1670352,2350.061502
{"date":"2022-03-31"},1622391,2212.091997
{"date":"2022-04-01"},1440496,2215.905968
{"date":"2022-04-02"},1243413,2020.163482
{"date":"2022-04-03"},1242967,2001.981643
{"date":"2022-04-04"},1288789,2047.700884
{"date":"2022-04-05"},1281137,2000.73655
{"date":"2022-04-06"},1374140,2164.981666
{"date":"2022-04-07"},1243048,2078.5354
{"date":"2022-04-08"},1283861,2184.744396
{"date":"2022-04-09"},1034654,1936.426136
{"date":"2022-04-10"},1127090,1995.153626
{"date":"2022-04-11"},1379777,2244.275304
{"date":"2022-04-12"},1243626,2078.329263
{"date":"2022-04-13"},1279788,2105.269251
{"date":"2022-04-14"},1242228,2048.625083
{"date":"2022-04-15"},909752,1713.052618
{"date":"2022-04-16"},812327,1547.559604
{"date":"2022-04-17"},1110703,1782.944922
{"date":"2022-04-18"},976470,1630.305603
{"date":"2022-04-19"},981424,1631.584703
{"date":"2022-04-20"},1252966,1913.840003
{"date":"2022-04-21"},1045296,1725.110213
{"date":"2022-04-22"},987906,1664.077573
{"date":"2022-04-23"},887950,1528.522733
{"date":"2022-04-24"},824458,1469.817796
{"date":"2022-04-25"},967194,1615.469247
{"date":"2022-04-26"},1062136,1763.26409
{"date":"2022-04-27"},995537,1706.79223
{"date":"2022-04-28"},1047105,1755.480282
{"date":"2022-04-29"},1066438,1757.606912
{"date":"2022-04-30"},1026146,1711.280115
{"date":"2022-05-01"},1003009,1638.683149
{"date":"2022-05-02"},961973,1554.26904
{"date":"2022-05-03"},1111840,1761.546699
{"date":"2022-05-04"},1332502,2018.841687
{"date":"2022-05-05"},1924637,2631.13526
{"date":"2022-05-06"},1960873,2645.241607
{"date":"2022-05-07"},2056955,2739.944453
{"date":"2022-05-08"},1941343,2597.1135
{"date":"2022-05-09"},1315738,1956.073217
{"date":"2022-05-10"},1413263,2024.303796
{"date":"2022-05-11"},1848935,2793.98554
{"date":"2022-05-12"},1824738,2703.092212
{"date":"2022-05-13"},1376169,2025.574828
{"date":"2022-05-14"},975213,1557.48678
{"date":"2022-05-15"},1164941,1662.011726
{"date":"2022-05-16"},982238,1500.112978
{"date":"2022-05-17"},1189267,1698.635433
{"date":"2022-05-18"},1257294,1797.878211
{"date":"2022-05-19"},914762,1483.553515
{"date":"2022-05-20"},1059017,1610.059948
{"date":"2022-05-21"},1032590,1537.909277
{"date":"2022-05-22"},1161943,1667.763332
{"date":"2022-05-23"},1159488,1633.583176
{"date":"2022-05-24"},1060461,1528.069298
{"date":"2022-05-25"},828231,1261.990004
{"date":"2022-05-26"},1170172,1608.401182
{"date":"2022-05-27"},1314244,1735.950005
{"date":"2022-05-28"},1113773,1512.604379
{"date":"2022-05-29"},934687,1326.903119
{"date":"2022-05-30"},1262509,1639.815831
{"date":"2022-05-31"},1045235,1429.911402
{"date":"2022-06-01"},1241701,1586.586859
{"date":"2022-06-02"},1333453,1699.703972
{"date":"2022-06-03"},1195934,1556.755303
{"date":"2022-06-04"},1110382,1458.700301
{"date":"2022-06-05"},941830,1276.256539
{"date":"2022-06-06"},1260415,1619.68258
{"date":"2022-06-07"},1233324,1610.843472
{"date":"2022-06-08"},1251307,1643.836255
{"date":"2022-06-09"},1246770,1601.943913
{"date":"2022-06-10"},1148607,1458.889687
{"date":"2022-06-11"},997207,1393.795483
{"date":"2022-06-12"},975700,1333.272152
{"date":"2022-06-13"},1354761,2206.815169
{"date":"2022-06-14"},1211060,1596.894517
{"date":"2022-06-15"},1035767,1437.317412
{"date":"2022-06-16"},1199180,1514.748062
{"date":"2022-06-17"},844063,1136.406309
{"date":"2022-06-18"},1102225,1430.741223
{"date":"2022-06-19"},1033088,1311.444966
{"date":"2022-06-20"},1051332,1344.753468
{"date":"2022-06-21"},1097452,1412.402536
{"date":"2022-06-22"},1083203,1368.427486
{"date":"2022-06-23"},840955,1108.542519
{"date":"2022-06-24"},806856,1058.33753
{"date":"2022-06-25"},730178,970.742847
{"date":"2022-06-26"},726281,969.766733
{"date":"2022-06-27"},795779,1036.806633
{"date":"2022-06-28"},1118940,1385.19675
{"date":"2022-06-29"},833214,1100.042644
{"date":"2022-06-30"},855634,1144.306261
{"date":"2022-07-01"},836300,1098.839441
{"date":"2022-07-02"},876100,1139.102599
{"date":"2022-07-03"},1014951,1250.940814
{"date":"2022-07-04"},1081335,1295.338382
{"date":"2022-07-05"},1103809,1284.350985
{"date":"2022-07-06"},1096726,1256.074218
{"date":"2022-07-07"},1158857,1345.64021
{"date":"2022-07-08"},1089306,1306.861148
{"date":"2022-07-09"},980642,1181.747312
{"date":"2022-07-10"},1024877,1233.242508
{"date":"2022-07-11"},1136599,1348.455397
{"date":"2022-07-12"},1104602,1330.985327
{"date":"2022-07-13"},1140327,1377.890446
{"date":"2022-07-14"},934858,1170.320762
{"date":"2022-07-15"},1046424,1266.779753
{"date":"2022-07-16"},710520,951.100615
{"date":"2022-07-17"},685379,902.600713
{"date":"2022-07-18"},1063127,1293.906066
{"date":"2022-07-19"},917541,1174.360319
{"date":"2022-07-20"},954681,1171.348374
{"date":"2022-07-21"},943575,1149.750616
{"date":"2022-07-22"},872516,1073.51495
{"date":"2022-07-23"},951847,1133.303356
{"date":"2022-07-24"},675611,842.976742
{"date":"2022-07-25"},870199,1059.348242
{"date":"2022-07-26"},1137787,1315.395787
{"date":"2022-07-27"},1052998,1210.577964
{"date":"2022-07-28"},1094040,1263.774337
{"date":"2022-07-29"},1081912,1349.119652
{"date":"2022-07-30"},1059104,1369.927013
{"date":"2022-07-31"},1017712,1339.672338
{"date":"2022-08-01"},1154764,1505.329649
{"date":"2022-08-02"},1300185,1695.396805
{"date":"2022-08-03"},1102993,1477.082002
{"date":"2022-08-04"},1050144,1365.406668
{"date":"2022-08-05"},824151,1134.252049
{"date":"2022-08-06"},1012373,1332.568433
{"date":"2022-08-07"},851763,1165.534589
{"date":"2022-08-08"},1057003,1306.411471
{"date":"2022-08-09"},843275,1043.122141
{"date":"2022-08-10"},794591,876.097225
{"date":"2022-08-11"},813069,950.778731
{"date":"2022-08-12"},1115158,1289.358925
{"date":"2022-08-13"},1006224,1183.877541
{"date":"2022-08-14"},993699,1181.045938
{"date":"2022-08-15"},1023041,1222.695208
{"date":"2022-08-16"},958400,1138.756269
{"date":"2022-08-17"},1019959,1199.32109
{"date":"2022-08-18"},985947,1156.187678
{"date":"2022-08-19"},1092220,1298.483208
{"date":"2022-08-20"},1005856,1192.553703
{"date":"2022-08-21"},980674,1150.373863
{"date":"2022-08-22"},1056987,1255.54171
{"date":"2022-08-23"},1040519,1241.566651
{"date":"2022-08-24"},1027292,1266.39332
{"date":"2022-08-25"},1047411,1282.309893
{"date":"2022-08-26"},1166966,1423.329809
{"date":"2022-08-27"},1086352,1330.869749
{"date":"2022-08-28"},1052712,1264.844331
{"date":"2022-08-29"},1054330,1277.385112
{"date":"2022-08-30"},885962,1109.305799
{"date":"2022-08-31"},806942,1070.902942
{"date":"2022-09-01"},1048969,1342.162471
{"date":"2022-09-02"},1050377,1328.852531
{"date":"2022-09-03"},981655,1220.48897
{"date":"2022-09-04"},755145,993.464706
{"date":"2022-09-05"},1084186,1348.546407
{"date":"2022-09-06"},1052139,1353.677642
{"date":"2022-09-07"},1058067,1334.75085
{"date":"2022-09-08"},1154243,1404.926635
{"date":"2022-09-09"},1159214,1442.262913
{"date":"2022-09-10"},1074782,1329.094042
{"date":"2022-09-11"},1062478,1272.071855
{"date":"2022-09-12"},1021854,1236.560494
{"date":"2022-09-13"},1165028,1379.13031
{"date":"2022-09-14"},1143898,1362.815261
{"date":"2022-09-15"},1100512,1313.251226
{"date":"2022-09-16"},1007090,1201.167337
{"date":"2022-09-17"},826720,1019.361378
{"date":"2022-09-18"},875154,1097.255233
{"date":"2022-09-19"},1076042,1305.267003
{"date":"2022-09-20"},1035340,1228.666033
{"date":"2022-09-21"},1067576,1248.015282
{"date":"2022-09-22"},1227324,1422.867638
{"date":"2022-09-23"},1436427,1655.539427
{"date":"2022-09-24"},846325,1016.32106
{"date":"2022-09-25"},1104734,1284.140726
{"date":"2022-09-26"},867718,1051.594374
{"date":"2022-09-27"},888776,1084.227398
{"date":"2022-09-28"},995453,1182.090144
{"date":"2022-09-29"},946994,1132.487016
{"date":"2022-09-30"},942776,1235.695796
{"date":"2022-10-01"},974087,1301.486063
{"date":"2022-10-02"},915687,1301.979069
{"date":"2022-10-03"},977539,1302.942077
{"date":"2022-10-04"},1100438,1459.62999
{"date":"2022-10-05"},906462,1248.267207
{"date":"2022-10-06"},888594,1219.235723
{"date":"2022-10-07"},897813,1245.741744
{"date":"2022-10-08"},1107173,1442.625244
{"date":"2022-10-09"},1067897,1392.412282
{"date":"2022-10-10"},1051092,1345.093759
{"date":"2022-10-11"},927641,1168.659127
{"date":"2022-10-12"},1124575,1310.549238
{"date":"2022-10-13"},1031236,1332.453696
{"date":"2022-10-14"},920921,1264.02716
{"date":"2022-10-15"},836612,991.77494
{"date":"2022-10-16"},939238,1088.716991
{"date":"2022-10-17"},984190,1190.959218
{"date":"2022-10-18"},1062292,1241.809406
{"date":"2022-10-19"},894971,1051.099447
{"date":"2022-10-20"},1215375,1386.428696
{"date":"2022-10-21"},1307624,1487.200518
{"date":"2022-10-22"},1217261,1374.971115
{"date":"2022-10-23"},1229120,1392.258359
{"date":"2022-10-24"},2136823,2316.228127
{"date":"2022-10-25"},2319440,2521.919386
{"date":"2022-10-26"},1252783,1450.255628
{"date":"2022-10-27"},1164796,1376.937285
{"date":"2022-10-28"},1213382,1393.971937
{"date":"2022-10-29"},1230655,1429.352137
{"date":"2022-10-30"},1242991,1461.395408
{"date":"2022-10-31"},1243455,1481.467088
{"date":"2022-11-01"},1262224,1507.31988
{"date":"2022-11-02"},1178488,1461.361973
{"date":"2022-11-03"},1097314,1388.639023
{"date":"2022-11-04"},1194376,1484.138456
{"date":"2022-11-05"},1141947,1412.713878
{"date":"2022-11-06"},1117810,1354.929401
{"date":"2022-11-07"},1128060,1425.485345
{"date":"2022-11-08"},1347373,1750.293013
{"date":"2022-11-09"},1411379,1867.917846
{"date":"2022-11-10"},1272252,1560.11488
{"date":"2022-11-11"},1164505,1515.251702
{"date":"2022-11-12"},1066149,1310.276665
{"date":"2022-11-13"},1104163,1310.854589
{"date":"2022-11-14"},1139403,1419.185868
{"date":"2022-11-15"},1111977,1292.518919
{"date":"2022-11-16"},1116183,1368.015462
{"date":"2022-11-17"},1080652,1302.603359
{"date":"2022-11-18"},1235317,1540.532755
{"date":"2022-11-19"},1257179,1792.464071
{"date":"2022-11-20"},1141497,1449.042213
{"date":"2022-11-21"},1079658,1383.735557
{"date":"2022-11-22"},1096997,1395.93485
{"date":"2022-11-23"},1027607,1259.743572
{"date":"2022-11-24"},1014659,1272.233068
{"date":"2022-11-25"},968431,1244.944904
{"date":"2022-11-26"},977657,1203.481447
{"date":"2022-11-27"},979232,1272.832013
{"date":"2022-11-28"},1014866,1289.48278
{"date":"2022-11-29"},1054280,1328.55963
{"date":"2022-11-30"},1194179,1513.893797
{"date":"2022-12-01"},1073009,1419.350871
{"date":"2022-12-02"},1043492,1345.300963
{"date":"2022-12-03"},1016506,1300.530221
{"date":"2022-12-04"},1050273,1356.862458
{"date":"2022-12-05"},1153561,1486.16031
{"date":"2022-12-06"},1079576,1384.701805
{"date":"2022-12-07"},1090913,1346.603542
{"date":"2022-12-08"},1030963,1176.881977
{"date":"2022-12-09"},823060,1075.103291
{"date":"2022-12-10"},668584,883.143422
{"date":"2022-12-11"},677174,862.692746
{"date":"2022-12-12"},776136,1051.712368
{"date":"2022-12-13"},770643,1034.714951
{"date":"2022-12-14"},840549,1182.814305
{"date":"2022-12-15"},981701,1263.508609
{"date":"2022-12-16"},1162229,1594.756304
{"date":"2022-12-17"},1036327,1299.076455
{"date":"2022-12-18"},896383,1117.717944
{"date":"2022-12-19"},994044,1279.73175
{"date":"2022-12-20"},844939,1068.062796
{"date":"2022-12-21"},983635,1314.528003
{"date":"2022-12-22"},801118,1057.250924
{"date":"2022-12-23"},837217,1008.881805
{"date":"2022-12-24"},865558,1015.029772
{"date":"2022-12-25"},870174,1043.200074
{"date":"2022-12-26"},722906,894.151655
{"date":"2022-12-27"},862065,1472.914082
{"date":"2022-12-28"},913709,1155.412763
{"date":"2022-12-29"},2187534,2513.95465
{"date":"2022-12-30"},1717587,1912.37093
{"date":"2022-12-31"},963644,1149.550662
{"date":"2023-01-01"},979541,1158.578503
{"date":"2023-01-02"},955423,1293.838094
{"date":"2023-01-03"},952148,1128.706164
{"date":"2023-01-04"},952721,1285.83022
{"date":"2023-01-05"},768739,1270.887841
{"date":"2023-01-06"},800531,1036.694865
{"date":"2023-01-07"},886714,1210.288228
{"date":"2023-01-08"},807333,1027.892236
{"date":"2023-01-09"},1057655,1368.712405
{"date":"2023-01-10"},849095,1145.178412
{"date":"2023-01-11"},774095,1101.051384
{"date":"2023-01-12"},889590,1220.999318
{"date":"2023-01-13"},893388,1204.637715
{"date":"2023-01-14"},810745,1190.349234
{"date":"2023-01-15"},985494,1302.554407
{"date":"2023-01-16"},677910,1002.199913
{"date":"2023-01-17"},689656,1004.649637
{"date":"2023-01-18"},899713,1228.915251
{"date":"2023-01-19"},645753,1224.364751
{"date":"2023-01-20"},686017,1081.258798
{"date":"2023-01-21"},667061,992.145215
{"date":"2023-01-22"},704133,1040.413981
{"date":"2023-01-23"},547069,856.149847
{"date":"2023-01-24"},582904,910.820736
{"date":"2023-01-25"},1200024,1568.386858
{"date":"2023-01-26"},1194936,1552.136981
{"date":"2023-01-27"},1083093,1415.215505
{"date":"2023-01-28"},862777,1139.215901
{"date":"2023-01-29"},828427,1119.025691
{"date":"2023-01-30"},794538,1169.683259
{"date":"2023-01-31"},611800,1005.006354
{"date":"2023-02-01"},742485,1140.659076
{"date":"2023-02-02"},688385,1100.530724
{"date":"2023-02-03"},733003,1191.299288
{"date":"2023-02-04"},703301,1068.054905
{"date":"2023-02-05"},711245,1064.394207
{"date":"2023-02-06"},721870,1098.447556
{"date":"2023-02-07"},741141,1155.853454
{"date":"2023-02-08"},758085,1146.053205
{"date":"2023-02-09"},804266,1252.047002
{"date":"2023-02-10"},647722,938.306362
{"date":"2023-02-11"},598054,804.493908
{"date":"2023-02-12"},598985,805.832422
{"date":"2023-02-13"},665099,909.023139
{"date":"2023-02-14"},664877,949.25081
{"date":"2023-02-15"},642974,901.534034
{"date":"2023-02-16"},690612,1028.166035
{"date":"2023-02-17"},657485,884.233101
{"date":"2023-02-18"},595718,791.880048
{"date":"2023-02-19"},856683,1183.180775
{"date":"2023-02-20"},1441604,1807.342653
{"date":"2023-02-21"},698218,970.32238
{"date":"2023-02-22"},614568,872.355121
{"date":"2023-02-23"},521843,787.035929
{"date":"2023-02-24"},529913,769.258284
{"date":"2023-02-25"},492232,666.374292
{"date":"2023-02-26"},493716,676.967398
{"date":"2023-02-27"},528852,739.841437
{"date":"2023-02-28"},514313,725.602251
{"date":"2023-03-01"},512198,712.029442
{"date":"2023-03-02"},511595,733.956791
{"date":"2023-03-03"},565693,855.911112
{"date":"2023-03-04"},512667,724.82418
{"date":"2023-03-05"},737244,1027.511863
{"date":"2023-03-06"},672825,847.96809
{"date":"2023-03-07"},939407,1186.320117
{"date":"2023-03-08"},665126,832.439761
{"date":"2023-03-09"},650430,822.903784
{"date":"2023-03-10"},570699,739.867644
{"date":"2023-03-11"},808858,1216.03497
{"date":"2023-03-12"},546966,669.585098
{"date":"2023-03-13"},575436,743.146946
{"date":"2023-03-14"},651304,820.639333
{"date":"2023-03-15"},850593,990.966858
{"date":"2023-03-16"},764937,862.921221
{"date":"2023-03-17"},828206,957.492262
{"date":"2023-03-18"},790260,889.431002
{"date":"2023-03-19"},789675,894.329644
{"date":"2023-03-20"},816541,934.513821
{"date":"2023-03-21"},822045,952.7194
{"date":"2023-03-22"},903127,1090.647129
{"date":"2023-03-23"},804872,915.907947
{"date":"2023-03-24"},642854,747.534764
{"date":"2023-03-25"},467242,542.435689
{"date":"2023-03-26"},471880,547.997864
{"date":"2023-03-27"},510728,624.012743
{"date":"2023-03-28"},515485,618.205866
{"date":"2023-03-29"},682742,915.289571
{"date":"2023-03-30"},587377,741.236099
{"date":"2023-03-31"},616473,781.225557
{"date":"2023-04-01"},595143,786.319966
{"date":"2023-04-02"},543057,674.705868
{"date":"2023-04-03"},574994,735.622425
{"date":"2023-04-04"},686564,804.118199
{"date":"2023-04-05"},732404,890.979689
{"date":"2023-04-06"},856750,978.508384
{"date":"2023-04-07"},520359,631.075224
{"date":"2023-04-08"},486695,583.313822
{"date":"2023-04-09"},598923,693.045652
{"date":"2023-04-10"},829909,975.609388
{"date":"2023-04-11"},782248,915.371929
{"date":"2023-04-12"},651150,782.92505
{"date":"2023-04-13"},547446,696.427184
{"date":"2023-04-14"},591545,747.995836
{"date":"2023-04-15"},543703,683.758475
{"date":"2023-04-16"},493549,610.917458
{"date":"2023-04-17"},545825,698.554701
{"date":"2023-04-18"},566588,727.995792
{"date":"2023-04-19"},561210,758.230967
{"date":"2023-04-20"},576747,855.246154
{"date":"2023-04-21"},573331,795.547367
{"date":"2023-04-22"},458364,583.854931
{"date":"2023-04-23"},507059,631.268152
{"date":"2023-04-24"},494618,696.474726
{"date":"2023-04-25"},621572,829.704374
{"date":"2023-04-26"},653387,864.307864
{"date":"2023-04-27"},509064,655.322868
{"date":"2023-04-28"},474106,597.001457
{"date":"2023-04-29"},452618,541.962445
{"date":"2023-04-30"},463219,564.937869
{"date":"2023-05-01"},479595,601.187732
{"date":"2023-05-02"},462198,652.516714
{"date":"2023-05-03"},492980,714.235361
{"date":"2023-05-04"},572719,940.876655
{"date":"2023-05-05"},650830,1003.045084
{"date":"2023-05-06"},498742,709.833438
{"date":"2023-05-07"},439349,584.578805
{"date":"2023-05-08"},518965,765.010997
{"date":"2023-05-09"},454475,626.673164
{"date":"2023-05-10"},417277,600.878032
{"date":"2023-05-11"},383910,571.859069
{"date":"2023-05-12"},383261,554.435111
{"date":"2023-05-13"},371420,516.518409
{"date":"2023-05-14"},338201,446.528863
{"date":"2023-05-15"},348470,486.802522
{"date":"2023-05-16"},343317,780.101165
{"date":"2023-05-17"},420402,1934.421555
{"date":"2023-05-18"},368857,470.052614
{"date":"2023-05-19"},361320,462.395295
{"date":"2023-05-20"},382287,508.614302
{"date":"2023-05-21"},357887,465.822375
{"date":"2023-05-22"},383809,503.025569
{"date":"2023-05-23"},163673,222.828093
