{"time":"2019-07-01"},141.059024
{"time":"2019-07-02"},147.584018
{"time":"2019-07-03"},154.496825
{"time":"2019-07-04"},161.204608
{"time":"2019-07-05"},167.658841
{"time":"2019-07-06"},174.009821
{"time":"2019-07-07"},180.727706
{"time":"2019-07-08"},188.749218
{"time":"2019-07-09"},196.751345
{"time":"2019-07-10"},204.573434
{"time":"2019-07-11"},212.531124
{"time":"2019-07-12"},220.348042
{"time":"2019-07-13"},228.42846
{"time":"2019-07-14"},236.204025
{"time":"2019-07-15"},243.897913
{"time":"2019-07-16"},251.616292
{"time":"2019-07-17"},259.177651
{"time":"2019-07-18"},266.615359
{"time":"2019-07-19"},274.195519
{"time":"2019-07-20"},281.840917
{"time":"2019-07-21"},289.337302
{"time":"2019-07-22"},296.668824
{"time":"2019-07-23"},303.303943
{"time":"2019-07-24"},310.037309
{"time":"2019-07-25"},317.938101
{"time":"2019-07-26"},325.849694
{"time":"2019-07-27"},333.463517
{"time":"2019-07-28"},340.727879
{"time":"2019-07-29"},348.376728
{"time":"2019-07-30"},355.45369
{"time":"2019-07-31"},362.011738
{"time":"2019-08-01"},369.942298
{"time":"2019-08-02"},378.861443
{"time":"2019-08-03"},387.619811
{"time":"2019-08-04"},396.167247
{"time":"2019-08-05"},404.932888
{"time":"2019-08-06"},412.239062
{"time":"2019-08-07"},419.782548
{"time":"2019-08-08"},426.698963
{"time":"2019-08-09"},431.104595
{"time":"2019-08-10"},439.473939
{"time":"2019-08-11"},447.39115
{"time":"2019-08-12"},454.409934
{"time":"2019-08-13"},455.67104
{"time":"2019-08-14"},463.487031
{"time":"2019-08-15"},471.946985
{"time":"2019-08-16"},479.544395
{"time":"2019-08-17"},487.012062
{"time":"2019-08-18"},494.616197
{"time":"2019-08-19"},503.318845
{"time":"2019-08-20"},517.939877
{"time":"2019-08-21"},525.686745
{"time":"2019-08-22"},532.975154
{"time":"2019-08-23"},538.477137
{"time":"2019-08-24"},547.496215
{"time":"2019-08-25"},557.957426
{"time":"2019-08-26"},565.979562
{"time":"2019-08-27"},574.937006
{"time":"2019-08-28"},581.345071
{"time":"2019-08-29"},584.851169
{"time":"2019-08-30"},587.768835
{"time":"2019-08-31"},599.952072
{"time":"2019-09-01"},610.537567
{"time":"2019-09-02"},618.826564
{"time":"2019-09-03"},626.632369
{"time":"2019-09-04"},633.030293
{"time":"2019-09-05"},635.404744
{"time":"2019-09-06"},643.021477
{"time":"2019-09-07"},650.719923
{"time":"2019-09-08"},658.453622
{"time":"2019-09-09"},666.08559
{"time":"2019-09-10"},674.759881
{"time":"2019-09-11"},682.989774
{"time":"2019-09-12"},691.316363
{"time":"2019-09-13"},691.227598
{"time":"2019-09-14"},697.446386
{"time":"2019-09-15"},705.644524
{"time":"2019-09-16"},713.485867
{"time":"2019-09-17"},721.271254
{"time":"2019-09-18"},728.526417
{"time":"2019-09-19"},733.287141
{"time":"2019-09-20"},741.057224
{"time":"2019-09-21"},749.942556
{"time":"2019-09-22"},757.602622
{"time":"2019-09-23"},766.963174
{"time":"2019-09-24"},777.294679
{"time":"2019-09-25"},787.82432
{"time":"2019-09-26"},796.412733
{"time":"2019-09-27"},805.144626
{"time":"2019-09-28"},814.875997
{"time":"2019-09-29"},825.683163
{"time":"2019-09-30"},834.187221
{"time":"2019-10-01"},842.893354
{"time":"2019-10-02"},852.829936
{"time":"2019-10-03"},860.256663
{"time":"2019-10-04"},869.167635
{"time":"2019-10-05"},877.779482
{"time":"2019-10-06"},886.170918
{"time":"2019-10-07"},893.784465
{"time":"2019-10-08"},897.590715
{"time":"2019-10-09"},905.604391
{"time":"2019-10-10"},923.434482
{"time":"2019-10-11"},932.556337
{"time":"2019-10-12"},940.960908
{"time":"2019-10-13"},948.939112
{"time":"2019-10-14"},956.768959
{"time":"2019-10-15"},958.211105
{"time":"2019-10-16"},965.909496
{"time":"2019-10-17"},971.393986
{"time":"2019-10-18"},975.261304
{"time":"2019-10-19"},988.919038
{"time":"2019-10-20"},998.484944
{"time":"2019-10-21"},1009.099184
{"time":"2019-10-22"},1016.610978
{"time":"2019-10-23"},1023.074248
{"time":"2019-10-24"},1032.229688
{"time":"2019-10-25"},1047.703523
{"time":"2019-10-26"},1059.707199
{"time":"2019-10-27"},1067.739115
{"time":"2019-10-28"},1074.032461
{"time":"2019-10-29"},1081.916551
{"time":"2019-10-30"},1087.356137
{"time":"2019-10-31"},1094.964492
{"time":"2019-11-01"},1105.085358
{"time":"2019-11-02"},1113.640663
{"time":"2019-11-03"},1122.490755
{"time":"2019-11-04"},1130.77964
{"time":"2019-11-05"},1139.987542
{"time":"2019-11-06"},1146.95105
{"time":"2019-11-07"},1154.904768
{"time":"2019-11-08"},1159.35962
{"time":"2019-11-09"},1178.074343
{"time":"2019-11-10"},1189.72702
{"time":"2019-11-11"},1206.316136
{"time":"2019-11-12"},1219.125317
{"time":"2019-11-13"},1228.992864
{"time":"2019-11-14"},1239.796438
{"time":"2019-11-15"},1250.102141
{"time":"2019-11-16"},1260.215506
{"time":"2019-11-17"},1270.195364
{"time":"2019-11-18"},1280.167906
{"time":"2019-11-19"},1290.592643
{"time":"2019-11-20"},1296.652229
{"time":"2019-11-21"},1300.146877
{"time":"2019-11-22"},1325.397402
{"time":"2019-11-23"},1316.524514
{"time":"2019-11-24"},1324.207333
{"time":"2019-11-25"},1336.236146
{"time":"2019-11-26"},1356.824666
{"time":"2019-11-27"},1366.626091
{"time":"2019-11-28"},1375.43523
{"time":"2019-11-29"},1384.143286
{"time":"2019-11-30"},1393.318761
{"time":"2019-12-01"},1402.832789
{"time":"2019-12-02"},1410.961163
{"time":"2019-12-03"},1426.026088
{"time":"2019-12-04"},1438.478635
{"time":"2019-12-05"},1446.329698
{"time":"2019-12-06"},1451.758213
{"time":"2019-12-07"},1466.355073
{"time":"2019-12-08"},1477.797022
{"time":"2019-12-09"},1488.332018
{"time":"2019-12-10"},1497.779717
{"time":"2019-12-11"},1507.883273
{"time":"2019-12-12"},1517.963716
{"time":"2019-12-13"},1527.941975
{"time":"2019-12-14"},1538.446503
{"time":"2019-12-15"},1549.493642
{"time":"2019-12-16"},1561.578466
{"time":"2019-12-17"},1593.401747
{"time":"2019-12-18"},1602.305411
{"time":"2019-12-19"},1602.158632
{"time":"2019-12-20"},1600.372281
{"time":"2019-12-21"},1611.143475
{"time":"2019-12-22"},1623.824941
{"time":"2019-12-23"},1632.936246
{"time":"2019-12-24"},1646.818254
{"time":"2019-12-25"},1653.624626
{"time":"2019-12-26"},1665.73295
{"time":"2019-12-27"},1681.474949
{"time":"2019-12-28"},1691.847893
{"time":"2019-12-29"},1701.247725
{"time":"2019-12-30"},1714.911854
{"time":"2019-12-31"},1727.447756
{"time":"2020-01-01"},1737.489595
{"time":"2020-01-02"},1751.721594
{"time":"2020-01-03"},1769.605055
{"time":"2020-01-04"},1779.517193
{"time":"2020-01-05"},1788.170248
{"time":"2020-01-06"},1796.811955
{"time":"2020-01-07"},1804.527483
{"time":"2020-01-08"},1806.24177
{"time":"2020-01-09"},1815.683297
{"time":"2020-01-10"},1822.980882
{"time":"2020-01-11"},1823.407082
{"time":"2020-01-12"},1828.351266
{"time":"2020-01-13"},1836.681085
{"time":"2020-01-14"},1844.017361
{"time":"2020-01-15"},1849.487287
{"time":"2020-01-16"},1853.338371
{"time":"2020-01-17"},1863.794421
{"time":"2020-01-18"},1868.744016
{"time":"2020-01-19"},1876.694175
{"time":"2020-01-20"},1883.137435
{"time":"2020-01-21"},1892.054923
{"time":"2020-01-22"},1902.511697
{"time":"2020-01-23"},1916.798272
{"time":"2020-01-24"},1916.068395
{"time":"2020-01-25"},1929.182104
{"time":"2020-01-26"},1935.457204
{"time":"2020-01-27"},1938.104865
{"time":"2020-01-28"},1936.86079
{"time":"2020-01-29"},1940.866069
{"time":"2020-01-30"},1949.389921
{"time":"2020-01-31"},1954.096745
{"time":"2020-02-01"},1962.241265
{"time":"2020-02-02"},1965.424164
{"time":"2020-02-03"},1972.967747
{"time":"2020-02-04"},1994.621943
{"time":"2020-02-05"},2001.231706
{"time":"2020-02-06"},2004.655485
{"time":"2020-02-07"},2004.128214
{"time":"2020-02-08"},2007.060404
{"time":"2020-02-09"},2011.420207
{"time":"2020-02-10"},2017.845823
{"time":"2020-02-11"},2023.130619
{"time":"2020-02-12"},2024.337114
{"time":"2020-02-13"},2023.097757
{"time":"2020-02-14"},2030.731603
{"time":"2020-02-15"},2037.012248
{"time":"2020-02-16"},2040.973256
{"time":"2020-02-17"},2045.661361
{"time":"2020-02-18"},2050.660498
{"time":"2020-02-19"},2055.335258
{"time":"2020-02-20"},2062.345979
{"time":"2020-02-21"},2076.312383
{"time":"2020-02-22"},2084.95481
{"time":"2020-02-23"},2088.144862
{"time":"2020-02-24"},2098.847487
{"time":"2020-02-25"},2121.756643
{"time":"2020-02-26"},2125.98027
{"time":"2020-02-27"},2132.78258
{"time":"2020-02-28"},2145.758107
{"time":"2020-02-29"},2148.237576
{"time":"2020-03-01"},2152.2141
{"time":"2020-03-02"},2156.720022
{"time":"2020-03-03"},2161.704129
{"time":"2020-03-04"},2154.198282
{"time":"2020-03-05"},2155.48695
{"time":"2020-03-06"},2160.585913
{"time":"2020-03-07"},2172.266396
{"time":"2020-03-08"},2176.923966
{"time":"2020-03-09"},2181.129782
{"time":"2020-03-10"},2183.334746
{"time":"2020-03-11"},2165.7128
{"time":"2020-03-12"},2171.701678
{"time":"2020-03-13"},2207.89869
{"time":"2020-03-14"},2211.276556
{"time":"2020-03-15"},2214.001257
{"time":"2020-03-16"},2217.82954
{"time":"2020-03-17"},2220.093778
{"time":"2020-03-18"},2223.358831
{"time":"2020-03-19"},2234.580697
{"time":"2020-03-20"},2234.835979
{"time":"2020-03-21"},2235.749719
{"time":"2020-03-22"},2236.538
{"time":"2020-03-23"},2218.363999
{"time":"2020-03-24"},2214.548859
{"time":"2020-03-25"},2225.743783
{"time":"2020-03-26"},2234.470618
{"time":"2020-03-27"},2260.572601
{"time":"2020-03-28"},2264.71679
{"time":"2020-03-29"},2266.461427
{"time":"2020-03-30"},2268.185904
{"time":"2020-03-31"},2273.203951
{"time":"2020-04-01"},2280.512739
{"time":"2020-04-02"},2277.302164
{"time":"2020-04-03"},2272.111459
{"time":"2020-04-04"},2276.988475
{"time":"2020-04-05"},2285.782245
{"time":"2020-04-06"},2288.838938
{"time":"2020-04-07"},2293.392897
{"time":"2020-04-08"},2294.831768
{"time":"2020-04-09"},2295.10408
{"time":"2020-04-10"},2299.41789
{"time":"2020-04-11"},2313.59968
{"time":"2020-04-12"},2320.1569
{"time":"2020-04-13"},2322.187669
{"time":"2020-04-14"},2324.794526
{"time":"2020-04-15"},2328.564323
{"time":"2020-04-16"},2328.476025
{"time":"2020-04-17"},2318.535931
{"time":"2020-04-18"},2312.625953
{"time":"2020-04-19"},2317.107318
{"time":"2020-04-20"},2320.406703
{"time":"2020-04-21"},2322.284293
{"time":"2020-04-22"},2328.634711
{"time":"2020-04-23"},2333.815953
{"time":"2020-04-24"},2353.426506
{"time":"2020-04-25"},2360.548198
{"time":"2020-04-26"},2364.246172
{"time":"2020-04-27"},2368.301357
{"time":"2020-04-28"},2374.618474
{"time":"2020-04-29"},2368.324083
{"time":"2020-04-30"},2360.318929
{"time":"2020-05-01"},2333.994472
{"time":"2020-05-02"},2342.465306
{"time":"2020-05-03"},2344.371174
{"time":"2020-05-04"},2348.069736
{"time":"2020-05-05"},2355.132042
{"time":"2020-05-06"},2353.793828
{"time":"2020-05-07"},2337.2749
{"time":"2020-05-08"},2345.031967
{"time":"2020-05-09"},2352.082793
{"time":"2020-05-10"},2355.642819
{"time":"2020-05-11"},2356.41945
{"time":"2020-05-12"},2361.06487
{"time":"2020-05-13"},2363.65175
{"time":"2020-05-14"},2375.230294
{"time":"2020-05-15"},2379.417636
{"time":"2020-05-16"},2383.486276
{"time":"2020-05-17"},2404.766339
{"time":"2020-05-18"},2402.287868
{"time":"2020-05-19"},2404.435821
{"time":"2020-05-20"},2393.830295
{"time":"2020-05-21"},2401.194801
{"time":"2020-05-22"},2402.673271
{"time":"2020-05-23"},2396.393322
{"time":"2020-05-24"},2401.039282
{"time":"2020-05-25"},2402.730026
{"time":"2020-05-26"},2413.801582
{"time":"2020-05-27"},2422.799645
{"time":"2020-05-28"},2417.927517
{"time":"2020-05-29"},2412.76793
{"time":"2020-05-30"},2424.088849
{"time":"2020-05-31"},2425.370549
{"time":"2020-06-01"},2428.130402
{"time":"2020-06-02"},2432.752956
{"time":"2020-06-03"},2444.369806
{"time":"2020-06-04"},2448.145923
{"time":"2020-06-05"},2457.929969
{"time":"2020-06-06"},2452.20292
{"time":"2020-06-07"},2460.114905
{"time":"2020-06-08"},2459.251896
{"time":"2020-06-09"},2471.075758
{"time":"2020-06-10"},2476.383938
{"time":"2020-06-11"},2472.494942
{"time":"2020-06-12"},2481.7087
{"time":"2020-06-13"},2484.624233
{"time":"2020-06-14"},2492.348067
{"time":"2020-06-15"},2494.639045
{"time":"2020-06-16"},2474.338088
{"time":"2020-06-17"},2467.161118
{"time":"2020-06-18"},2471.775705
{"time":"2020-06-19"},2482.127225
{"time":"2020-06-20"},2483.447601
{"time":"2020-06-21"},2483.993534
{"time":"2020-06-22"},2484.529291
{"time":"2020-06-23"},2487.871027
{"time":"2020-06-24"},2490.828615
{"time":"2020-06-25"},2491.603589
{"time":"2020-06-26"},2507.145114
{"time":"2020-06-27"},2535.596395
{"time":"2020-06-28"},2541.084721
{"time":"2020-06-29"},2541.680378
{"time":"2020-06-30"},2539.812286
{"time":"2020-07-01"},2539.476228
{"time":"2020-07-02"},2557.896798
{"time":"2020-07-03"},2563.412577
{"time":"2020-07-04"},2553.75312
{"time":"2020-07-05"},2564.44479
{"time":"2020-07-06"},2562.284635
{"time":"2020-07-07"},2559.582949
{"time":"2020-07-08"},2556.987855
{"time":"2020-07-09"},2575.130579
{"time":"2020-07-10"},2576.201406
{"time":"2020-07-11"},2578.310886
{"time":"2020-07-12"},2572.68374
{"time":"2020-07-13"},2578.832959
{"time":"2020-07-14"},2589.457478
{"time":"2020-07-15"},2579.061725
{"time":"2020-07-16"},2587.052685
{"time":"2020-07-17"},2584.776043
{"time":"2020-07-18"},2597.659647
{"time":"2020-07-19"},2580.444091
{"time":"2020-07-20"},2593.986095
{"time":"2020-07-21"},2597.09873
{"time":"2020-07-22"},2604.850348
{"time":"2020-07-23"},2607.698962
{"time":"2020-07-24"},2616.12934
{"time":"2020-07-25"},2623.513173
{"time":"2020-07-26"},2615.451621
{"time":"2020-07-27"},2626.964372
{"time":"2020-07-28"},2622.742531
{"time":"2020-07-29"},2626.920184
{"time":"2020-07-30"},2636.189486
{"time":"2020-07-31"},2631.000655
{"time":"2020-08-01"},2638.129888
{"time":"2020-08-02"},2640.968892
{"time":"2020-08-03"},2640.711425
{"time":"2020-08-04"},2635.592435
{"time":"2020-08-05"},2643.929214
{"time":"2020-08-06"},2640.537341
{"time":"2020-08-07"},2645.231993
{"time":"2020-08-08"},2646.544805
{"time":"2020-08-09"},2637.282431
{"time":"2020-08-10"},2652.66321
{"time":"2020-08-11"},2654.37076
{"time":"2020-08-12"},2651.586631
{"time":"2020-08-13"},2660.895684
{"time":"2020-08-14"},2668.045668
{"time":"2020-08-15"},2668.523695
{"time":"2020-08-16"},2672.536212
{"time":"2020-08-17"},2668.203068
{"time":"2020-08-18"},2674.511979
{"time":"2020-08-19"},2676.848931
{"time":"2020-08-20"},2702.089356
{"time":"2020-08-21"},2697.456251
{"time":"2020-08-22"},2694.027471
{"time":"2020-08-23"},2691.396683
{"time":"2020-08-24"},2705.551303
{"time":"2020-08-25"},2711.731929
{"time":"2020-08-26"},2708.381201
{"time":"2020-08-27"},2707.2142
{"time":"2020-08-28"},2709.211539
{"time":"2020-08-29"},2710.229085
{"time":"2020-08-30"},2712.618794
{"time":"2020-08-31"},2716.527927
{"time":"2020-09-01"},2711.811852
{"time":"2020-09-02"},2704.80714
{"time":"2020-09-03"},2715.17206
{"time":"2020-09-04"},2720.675288
{"time":"2020-09-05"},2731.769399
{"time":"2020-09-06"},2734.223679
{"time":"2020-09-07"},2736.675859
{"time":"2020-09-08"},2739.966726
{"time":"2020-09-09"},2738.632135
{"time":"2020-09-10"},2745.423711
{"time":"2020-09-11"},2746.888744
{"time":"2020-09-12"},2751.864841
{"time":"2020-09-13"},2752.201606
{"time":"2020-09-14"},2759.153696
{"time":"2020-09-15"},2757.653849
{"time":"2020-09-16"},2769.979295
{"time":"2020-09-17"},2768.621282
{"time":"2020-09-18"},2763.570433
{"time":"2020-09-19"},2765.577642
{"time":"2020-09-20"},2763.327877
{"time":"2020-09-21"},2768.301577
{"time":"2020-09-22"},2775.555169
{"time":"2020-09-23"},2771.0159
{"time":"2020-09-24"},2768.587018
{"time":"2020-09-25"},2777.970184
{"time":"2020-09-26"},2776.814184
{"time":"2020-09-27"},2791.927356
{"time":"2020-09-28"},2788.920577
{"time":"2020-09-29"},2801.208701
{"time":"2020-09-30"},2797.909631
{"time":"2020-10-01"},2806.637572
{"time":"2020-10-02"},2810.645735
{"time":"2020-10-03"},2804.166903
{"time":"2020-10-04"},2801.111589
{"time":"2020-10-05"},2823.380269
{"time":"2020-10-06"},2812.566795
{"time":"2020-10-07"},2819.578883
{"time":"2020-10-08"},2825.866925
{"time":"2020-10-09"},2831.584745
{"time":"2020-10-10"},2828.756242
{"time":"2020-10-11"},2838.091945
{"time":"2020-10-12"},2838.291564
{"time":"2020-10-13"},2849.537752
{"time":"2020-10-14"},2857.460706
{"time":"2020-10-15"},2853.574265
{"time":"2020-10-16"},2857.545708
{"time":"2020-10-17"},2868.249774
{"time":"2020-10-18"},2877.222095
{"time":"2020-10-19"},2879.608836
{"time":"2020-10-20"},2880.369068
{"time":"2020-10-21"},2892.29741
{"time":"2020-10-22"},2897.855629
{"time":"2020-10-23"},2890.830633
{"time":"2020-10-24"},2891.277761
{"time":"2020-10-25"},2898.068551
{"time":"2020-10-26"},2900.425031
{"time":"2020-10-27"},2900.843681
{"time":"2020-10-28"},2907.783203
{"time":"2020-10-29"},2908.932494
{"time":"2020-10-30"},2917.07143
{"time":"2020-10-31"},2920.302837
{"time":"2020-11-01"},2927.126915
{"time":"2020-11-02"},2926.082602
{"time":"2020-11-03"},2927.118871
{"time":"2020-11-04"},2930.692371
{"time":"2020-11-05"},2941.020537
{"time":"2020-11-06"},2948.666999
{"time":"2020-11-07"},2948.796394
{"time":"2020-11-08"},2964.2831
{"time":"2020-11-09"},2946.75978
{"time":"2020-11-10"},2966.481464
{"time":"2020-11-11"},2961.59716
{"time":"2020-11-12"},2964.102477
{"time":"2020-11-13"},2979.043298
{"time":"2020-11-14"},2973.364886
{"time":"2020-11-15"},2982.708476
{"time":"2020-11-16"},2989.635515
{"time":"2020-11-17"},2995.35334
{"time":"2020-11-18"},2993.89967
{"time":"2020-11-19"},3001.138361
{"time":"2020-11-20"},2993.229317
{"time":"2020-11-21"},3006.583778
{"time":"2020-11-22"},3003.702831
{"time":"2020-11-23"},3006.482283
{"time":"2020-11-24"},3015.410489
{"time":"2020-11-25"},3020.657371
{"time":"2020-11-26"},3020.971109
{"time":"2020-11-27"},3017.438575
{"time":"2020-11-28"},3021.322567
{"time":"2020-11-29"},3027.219376
{"time":"2020-11-30"},3035.914756
{"time":"2020-12-01"},3031.894175
{"time":"2020-12-02"},3036.393905
{"time":"2020-12-03"},3042.763176
{"time":"2020-12-04"},3037.761539
{"time":"2020-12-05"},3040.841319
{"time":"2020-12-06"},3048.29315
{"time":"2020-12-07"},3054.662615
{"time":"2020-12-08"},3066.837592
{"time":"2020-12-09"},3061.471204
{"time":"2020-12-10"},3078.527812
{"time":"2020-12-11"},3075.031018
{"time":"2020-12-12"},3082.370407
{"time":"2020-12-13"},3088.933757
{"time":"2020-12-14"},3087.139672
{"time":"2020-12-15"},3092.593838
{"time":"2020-12-16"},3100.268017
{"time":"2020-12-17"},3089.732526
{"time":"2020-12-18"},3094.690156
{"time":"2020-12-19"},3103.302767
{"time":"2020-12-20"},3107.318003
{"time":"2020-12-21"},3112.129231
{"time":"2020-12-22"},3127.154823
{"time":"2020-12-23"},3119.590324
{"time":"2020-12-24"},3123.656075
{"time":"2020-12-25"},3122.920317
{"time":"2020-12-26"},3127.774999
{"time":"2020-12-27"},3136.162379
{"time":"2020-12-28"},3142.477598
{"time":"2020-12-29"},3144.134468
{"time":"2020-12-30"},3143.686496
{"time":"2020-12-31"},3148.381166
{"time":"2021-01-01"},3155.657835
{"time":"2021-01-02"},3151.953305
{"time":"2021-01-03"},3162.137599
{"time":"2021-01-04"},3149.658948
{"time":"2021-01-05"},3172.972632
{"time":"2021-01-06"},3165.007106
{"time":"2021-01-07"},3174.073182
{"time":"2021-01-08"},3189.181951
{"time":"2021-01-09"},3177.268116
{"time":"2021-01-10"},3193.370368
{"time":"2021-01-11"},3199.874211
{"time":"2021-01-12"},3203.114063
{"time":"2021-01-13"},3201.269964
{"time":"2021-01-14"},3208.258842
{"time":"2021-01-15"},3209.510315
{"time":"2021-01-16"},3205.161141
{"time":"2021-01-17"},3222.745738
{"time":"2021-01-18"},3219.035173
{"time":"2021-01-19"},3217.934918
{"time":"2021-01-20"},3211.857157
{"time":"2021-01-21"},3229.895298
{"time":"2021-01-22"},3238.045903
{"time":"2021-01-23"},3248.698681
{"time":"2021-01-24"},3246.588773
{"time":"2021-01-25"},3245.120074
{"time":"2021-01-26"},3252.950404
{"time":"2021-01-27"},3254.291464
{"time":"2021-01-28"},3260.794635
{"time":"2021-01-29"},3273.153606
{"time":"2021-01-30"},3289.054974
{"time":"2021-01-31"},3281.21462
{"time":"2021-02-01"},3287.080795
{"time":"2021-02-02"},3285.394635
{"time":"2021-02-03"},3294.274914
{"time":"2021-02-04"},3302.157687
{"time":"2021-02-05"},3304.482358
{"time":"2021-02-06"},3304.930798
{"time":"2021-02-07"},3299.438242
{"time":"2021-02-08"},3302.857279
{"time":"2021-02-09"},3322.847729
{"time":"2021-02-10"},3328.459702
{"time":"2021-02-11"},3321.834965
{"time":"2021-02-12"},3343.909426
{"time":"2021-02-13"},3348.504209
{"time":"2021-02-14"},3351.684652
{"time":"2021-02-15"},3360.260178
{"time":"2021-02-16"},3359.754475
{"time":"2021-02-17"},3354.92188
{"time":"2021-02-18"},3370.041596
{"time":"2021-02-19"},3365.813495
{"time":"2021-02-20"},3364.95883
{"time":"2021-02-21"},3375.037269
{"time":"2021-02-22"},3383.039534
{"time":"2021-02-23"},3388.271018
{"time":"2021-02-24"},3391.931691
{"time":"2021-02-25"},3395.917241
{"time":"2021-02-26"},3403.679523
{"time":"2021-02-27"},3398.143671
{"time":"2021-02-28"},3397.06178
{"time":"2021-03-01"},3397.503983
{"time":"2021-03-02"},3404.837599
{"time":"2021-03-03"},3415.782126
{"time":"2021-03-04"},3417.534129
{"time":"2021-03-05"},3427.599582
{"time":"2021-03-06"},3424.80198
{"time":"2021-03-07"},3433.981611
{"time":"2021-03-08"},3430.104357
{"time":"2021-03-09"},3426.922303
{"time":"2021-03-10"},3426.352543
{"time":"2021-03-11"},3424.011104
{"time":"2021-03-12"},3428.291006
{"time":"2021-03-13"},3423.295423
{"time":"2021-03-14"},3426.157773
{"time":"2021-03-15"},3435.505701
{"time":"2021-03-16"},3446.274083
{"time":"2021-03-17"},3447.576929
{"time":"2021-03-18"},3448.697811
{"time":"2021-03-19"},3456.498687
{"time":"2021-03-20"},3460.082485
{"time":"2021-03-21"},3458.200371
{"time":"2021-03-22"},3463.362721
{"time":"2021-03-23"},3476.11904
{"time":"2021-03-24"},3464.713413
{"time":"2021-03-25"},3470.908344
{"time":"2021-03-26"},3475.693676
{"time":"2021-03-27"},3467.89701
{"time":"2021-03-28"},3482.426137
{"time":"2021-03-29"},3485.797575
{"time":"2021-03-30"},3491.657364
{"time":"2021-03-31"},3500.903029
{"time":"2021-04-01"},3486.841884
{"time":"2021-04-02"},3499.999221
{"time":"2021-04-03"},3509.803037
{"time":"2021-04-04"},3515.021639
{"time":"2021-04-05"},3507.923203
{"time":"2021-04-06"},3509.380211
{"time":"2021-04-07"},3521.569112
{"time":"2021-04-08"},3514.248786
{"time":"2021-04-09"},3517.830055
{"time":"2021-04-10"},3526.270981
{"time":"2021-04-11"},3526.466056
{"time":"2021-04-12"},3524.84807
{"time":"2021-04-13"},3538.675214
{"time":"2021-04-14"},3555.397547
{"time":"2021-04-15"},3426.89841
{"time":"2021-04-16"},3317.000672
{"time":"2021-04-17"},3341.105326
{"time":"2021-04-18"},3388.193662
{"time":"2021-04-19"},3326.73239
{"time":"2021-04-20"},3457.252377
{"time":"2021-04-21"},3562.012256
{"time":"2021-04-22"},3577.136989
{"time":"2021-04-23"},3566.89468
{"time":"2021-04-24"},3547.720629
{"time":"2021-04-25"},3560.280665
{"time":"2021-04-26"},3580.31633
{"time":"2021-04-27"},3575.826476
{"time":"2021-04-28"},3585.887555
{"time":"2021-04-29"},3566.456154
{"time":"2021-04-30"},3593.523845
{"time":"2021-05-01"},3611.889251
{"time":"2021-05-02"},3588.627813
{"time":"2021-05-03"},3588.161285
{"time":"2021-05-04"},3591.345379
{"time":"2021-05-05"},3591.777085
{"time":"2021-05-06"},3602.467628
{"time":"2021-05-07"},3607.853818
{"time":"2021-05-08"},3616.364247
{"time":"2021-05-09"},3614.221824
{"time":"2021-05-10"},3598.811997
{"time":"2021-05-11"},3607.471307
{"time":"2021-05-12"},3613.380748
{"time":"2021-05-13"},3629.439762
{"time":"2021-05-14"},3631.68754
{"time":"2021-05-15"},3637.071685
{"time":"2021-05-16"},3643.570434
{"time":"2021-05-17"},3642.861429
{"time":"2021-05-18"},3658.622576
{"time":"2021-05-19"},3656.624073
{"time":"2021-05-20"},3670.935398
{"time":"2021-05-21"},3393.844767
{"time":"2021-05-22"},3665.216035
{"time":"2021-05-23"},3672.482843
{"time":"2021-05-24"},3670.272173
{"time":"2021-05-25"},3667.339316
{"time":"2021-05-26"},3660.113827
{"time":"2021-05-27"},3672.261114
{"time":"2021-05-28"},3681.443345
{"time":"2021-05-29"},3676.626657
{"time":"2021-05-30"},3677.773672
{"time":"2021-05-31"},3683.59419
{"time":"2021-06-01"},3696.35094
{"time":"2021-06-02"},3690.198161
{"time":"2021-06-03"},3695.090955
{"time":"2021-06-04"},3706.746897
{"time":"2021-06-05"},3707.712221
{"time":"2021-06-06"},3710.176475
{"time":"2021-06-07"},3710.944711
{"time":"2021-06-08"},3723.386005
{"time":"2021-06-09"},3711.718303
{"time":"2021-06-10"},3724.165134
{"time":"2021-06-11"},3713.407692
{"time":"2021-06-12"},3720.002834
{"time":"2021-06-13"},3725.282112
{"time":"2021-06-14"},3732.837834
{"time":"2021-06-15"},3727.332269
{"time":"2021-06-16"},3737.731629
{"time":"2021-06-17"},3734.296588
{"time":"2021-06-18"},3762.559266
{"time":"2021-06-19"},3750.61528
{"time":"2021-06-20"},3755.016966
{"time":"2021-06-21"},3765.322408
{"time":"2021-06-22"},3744.017185
{"time":"2021-06-23"},3765.36389
{"time":"2021-06-24"},3754.312196
{"time":"2021-06-25"},3769.390817
{"time":"2021-06-26"},3775.896044
{"time":"2021-06-27"},3768.826266
{"time":"2021-06-28"},3787.19455
{"time":"2021-06-29"},3785.864204
{"time":"2021-06-30"},3779.728975
{"time":"2021-07-01"},3767.812958
{"time":"2021-07-02"},3791.393045
{"time":"2021-07-03"},3795.797828
{"time":"2021-07-04"},3794.241197
{"time":"2021-07-05"},3799.219206
{"time":"2021-07-06"},3806.513387
{"time":"2021-07-07"},3806.874445
{"time":"2021-07-08"},3809.931252
{"time":"2021-07-09"},3814.147491
{"time":"2021-07-10"},3810.826293
{"time":"2021-07-11"},3822.579232
{"time":"2021-07-12"},3824.864739
{"time":"2021-07-13"},3815.327254
{"time":"2021-07-14"},3830.775759
{"time":"2021-07-15"},3833.054859
{"time":"2021-07-16"},3830.863866
{"time":"2021-07-17"},3837.602986
{"time":"2021-07-18"},3837.736414
{"time":"2021-07-19"},3841.172233
{"time":"2021-07-20"},3836.813877
{"time":"2021-07-21"},3840.042652
{"time":"2021-07-22"},3845.611925
{"time":"2021-07-23"},3852.35745
{"time":"2021-07-24"},3860.283952
{"time":"2021-07-25"},3840.24639
{"time":"2021-07-26"},3850.500052
{"time":"2021-07-27"},3851.169223
{"time":"2021-07-28"},3845.949582
{"time":"2021-07-29"},3840.317561
{"time":"2021-07-30"},3852.144722
{"time":"2021-07-31"},3852.98599
{"time":"2021-08-01"},3869.950638
{"time":"2021-08-02"},3864.506006
{"time":"2021-08-03"},3860.409255
{"time":"2021-08-04"},3866.33857
{"time":"2021-08-05"},3864.381706
{"time":"2021-08-06"},3867.744357
{"time":"2021-08-07"},3874.861779
{"time":"2021-08-08"},3874.47314
{"time":"2021-08-09"},3879.221921
{"time":"2021-08-10"},3886.945311
{"time":"2021-08-11"},3881.995016
{"time":"2021-08-12"},3893.691002
{"time":"2021-08-13"},3906.595749
{"time":"2021-08-14"},3902.03747
{"time":"2021-08-15"},3899.051863
{"time":"2021-08-16"},3900.429502
{"time":"2021-08-17"},3898.02028
{"time":"2021-08-18"},3908.552299
{"time":"2021-08-19"},3921.494141
{"time":"2021-08-20"},3918.29179
{"time":"2021-08-21"},3927.25836
{"time":"2021-08-22"},3918.648095
{"time":"2021-08-23"},3924.613507
{"time":"2021-08-24"},3929.384024
{"time":"2021-08-25"},3921.536666
{"time":"2021-08-26"},3942.533442
{"time":"2021-08-27"},3951.330031
{"time":"2021-08-28"},3948.292429
{"time":"2021-08-29"},3953.680209
{"time":"2021-08-30"},3954.648786
{"time":"2021-08-31"},3953.398329
{"time":"2021-09-01"},3946.699431
{"time":"2021-09-02"},3971.603868
{"time":"2021-09-03"},3970.93276
{"time":"2021-09-04"},3981.959943
{"time":"2021-09-05"},3971.188812
{"time":"2021-09-06"},3966.046567
{"time":"2021-09-07"},3972.011969
{"time":"2021-09-08"},3960.169077
{"time":"2021-09-09"},3976.048905
{"time":"2021-09-10"},3972.492843
{"time":"2021-09-11"},3980.282156
{"time":"2021-09-12"},4008.587661
{"time":"2021-09-13"},4000.780662
{"time":"2021-09-14"},3999.456011
{"time":"2021-09-15"},4012.161941
{"time":"2021-09-16"},4022.849821
{"time":"2021-09-17"},4033.551411
{"time":"2021-09-18"},4039.551331
{"time":"2021-09-19"},4033.887804
{"time":"2021-09-20"},4033.890501
{"time":"2021-09-21"},4051.227992
{"time":"2021-09-22"},4068.545396
{"time":"2021-09-23"},4059.472083
{"time":"2021-09-24"},4064.073767
{"time":"2021-09-25"},4054.509755
{"time":"2021-09-26"},4056.994054
{"time":"2021-09-27"},4056.787624
{"time":"2021-09-28"},4060.463684
{"time":"2021-09-29"},4043.381085
{"time":"2021-09-30"},4054.412186
{"time":"2021-10-01"},4053.718939
{"time":"2021-10-02"},4054.244075
{"time":"2021-10-03"},4056.401905
{"time":"2021-10-04"},4061.021504
{"time":"2021-10-05"},4081.929252
{"time":"2021-10-06"},4074.179853
{"time":"2021-10-07"},4063.93204
{"time":"2021-10-08"},4093.746428
{"time":"2021-10-09"},4068.613279
{"time":"2021-10-10"},4065.979096
{"time":"2021-10-11"},4082.587801
{"time":"2021-10-12"},4102.122616
{"time":"2021-10-13"},4099.732695
{"time":"2021-10-14"},4101.08058
{"time":"2021-10-15"},4077.728194
{"time":"2021-10-16"},4082.985381
{"time":"2021-10-17"},4092.403544
{"time":"2021-10-18"},4092.477619
{"time":"2021-10-19"},4103.157472
{"time":"2021-10-20"},4100.112069
{"time":"2021-10-21"},4103.098
{"time":"2021-10-22"},4098.788642
{"time":"2021-10-23"},4096.342843
{"time":"2021-10-24"},4101.609187
{"time":"2021-10-25"},4098.109008
{"time":"2021-10-26"},4091.04471
{"time":"2021-10-27"},4107.795257
{"time":"2021-10-28"},4109.086838
{"time":"2021-10-29"},4102.628797
{"time":"2021-10-30"},4122.546862
{"time":"2021-10-31"},4117.341172
{"time":"2021-11-01"},4117.364518
{"time":"2021-11-02"},4123.25666
{"time":"2021-11-03"},4117.603261
{"time":"2021-11-04"},4135.467567
{"time":"2021-11-05"},4142.214113
{"time":"2021-11-06"},4151.07012
{"time":"2021-11-07"},4132.989139
{"time":"2021-11-08"},4139.305681
{"time":"2021-11-09"},4143.7303
{"time":"2021-11-10"},4158.701259
{"time":"2021-11-11"},4150.269412
{"time":"2021-11-12"},4173.914225
{"time":"2021-11-13"},4165.05704
{"time":"2021-11-14"},4172.669163
{"time":"2021-11-15"},4198.060939
{"time":"2021-11-16"},4195.975415
{"time":"2021-11-17"},4197.270008
{"time":"2021-11-18"},4187.329599
{"time":"2021-11-19"},4192.848031
{"time":"2021-11-20"},4184.79086
{"time":"2021-11-21"},4195.186752
{"time":"2021-11-22"},4211.970554
{"time":"2021-11-23"},4199.442976
{"time":"2021-11-24"},4203.478989
{"time":"2021-11-25"},4160.478269
{"time":"2021-11-26"},4173.619481
{"time":"2021-11-27"},4201.696141
{"time":"2021-11-28"},4205.511774
{"time":"2021-11-29"},4202.928861
{"time":"2021-11-30"},4209.940094
{"time":"2021-12-01"},4221.442978
{"time":"2021-12-02"},4237.664059
{"time":"2021-12-03"},4237.227585
{"time":"2021-12-04"},4239.139499
{"time":"2021-12-05"},4239.122951
{"time":"2021-12-06"},4240.601388
{"time":"2021-12-07"},4247.007054
{"time":"2021-12-08"},4236.255587
{"time":"2021-12-09"},4244.152749
{"time":"2021-12-10"},4234.016979
{"time":"2021-12-11"},4229.230839
{"time":"2021-12-12"},4245.934097
{"time":"2021-12-13"},4230.519584
{"time":"2021-12-14"},4222.20725
{"time":"2021-12-15"},4218.838616
{"time":"2021-12-16"},4225.801675
{"time":"2021-12-17"},4220.492225
{"time":"2021-12-18"},4210.866711
{"time":"2021-12-19"},4229.682415
{"time":"2021-12-20"},4271.585838
{"time":"2021-12-21"},4264.56552
{"time":"2021-12-22"},4287.741922
{"time":"2021-12-23"},4294.967155
{"time":"2021-12-24"},4286.868497
{"time":"2021-12-25"},4302.517239
{"time":"2021-12-26"},4292.686813
{"time":"2021-12-27"},4316.342472
{"time":"2021-12-28"},4287.053491
{"time":"2021-12-29"},4270.059884
{"time":"2021-12-30"},4280.088996
{"time":"2021-12-31"},4289.693978
{"time":"2022-01-01"},4308.397686
{"time":"2022-01-02"},4289.008163
{"time":"2022-01-03"},4300.572305
{"time":"2022-01-04"},4297.406775
{"time":"2022-01-05"},4299.646183
{"time":"2022-01-06"},4289.311083
{"time":"2022-01-07"},4266.598636
{"time":"2022-01-08"},4267.107204
{"time":"2022-01-09"},4278.845923
{"time":"2022-01-10"},4264.335715
{"time":"2022-01-11"},4256.54495
{"time":"2022-01-12"},4273.926834
{"time":"2022-01-13"},4252.676455
{"time":"2022-01-14"},4250.738817
{"time":"2022-01-15"},4255.531498
{"time":"2022-01-16"},4262.280735
{"time":"2022-01-17"},4270.118898
{"time":"2022-01-18"},4262.752271
{"time":"2022-01-19"},4275.588777
{"time":"2022-01-20"},4282.562633
{"time":"2022-01-21"},4284.754085
{"time":"2022-01-22"},4269.989712
{"time":"2022-01-23"},4278.047174
{"time":"2022-01-24"},4285.673198
{"time":"2022-01-25"},4280.905263
{"time":"2022-01-26"},4272.000533
{"time":"2022-01-27"},4271.575814
{"time":"2022-01-28"},4277.243064
{"time":"2022-01-29"},4282.477416
{"time":"2022-01-30"},4292.284729
{"time":"2022-01-31"},4276.626498
{"time":"2022-02-01"},4289.91774
{"time":"2022-02-02"},4290.724544
{"time":"2022-02-03"},4281.057395
{"time":"2022-02-04"},4270.499735
{"time":"2022-02-05"},4272.789536
{"time":"2022-02-06"},4270.723516
{"time":"2022-02-07"},4278.895096
{"time":"2022-02-08"},4280.315178
{"time":"2022-02-09"},4267.574263
{"time":"2022-02-10"},4285.987264
{"time":"2022-02-11"},4271.93768
{"time":"2022-02-12"},4283.162895
{"time":"2022-02-13"},4275.430456
{"time":"2022-02-14"},4270.96343
{"time":"2022-02-15"},4276.303325
{"time":"2022-02-16"},4289.927774
{"time":"2022-02-17"},4274.779681
{"time":"2022-02-18"},4281.211239
{"time":"2022-02-19"},4281.757388
{"time":"2022-02-20"},4287.318972
{"time":"2022-02-21"},4303.348691
{"time":"2022-02-22"},4287.978202
{"time":"2022-02-23"},4278.274614
{"time":"2022-02-24"},4273.367557
{"time":"2022-02-25"},4258.424841
{"time":"2022-02-26"},4271.83802
{"time":"2022-02-27"},4295.065887
{"time":"2022-02-28"},4275.990867
{"time":"2022-03-01"},4284.968973
{"time":"2022-03-02"},4276.275797
{"time":"2022-03-03"},4269.54394
{"time":"2022-03-04"},4242.305895
{"time":"2022-03-05"},4274.846287
{"time":"2022-03-06"},4271.168692
{"time":"2022-03-07"},4270.329362
{"time":"2022-03-08"},4274.944179
{"time":"2022-03-09"},4298.320678
{"time":"2022-03-10"},4304.899744
{"time":"2022-03-11"},4305.588096
{"time":"2022-03-12"},4308.674565
{"time":"2022-03-13"},4308.489768
{"time":"2022-03-14"},4315.724219
{"time":"2022-03-15"},4309.865192
{"time":"2022-03-16"},4313.170969
{"time":"2022-03-17"},4303.387168
{"time":"2022-03-18"},4319.565373
{"time":"2022-03-19"},4302.142348
{"time":"2022-03-20"},4311.559937
{"time":"2022-03-21"},4321.847286
{"time":"2022-03-22"},4303.550612
{"time":"2022-03-23"},4299.440394
{"time":"2022-03-24"},4289.871186
{"time":"2022-03-25"},4313.905438
{"time":"2022-03-26"},4321.141757
{"time":"2022-03-27"},4309.827351
{"time":"2022-03-28"},4316.405632
{"time":"2022-03-29"},4307.930362
{"time":"2022-03-30"},4314.509498
{"time":"2022-03-31"},4307.558588
{"time":"2022-04-01"},4320.249622
{"time":"2022-04-02"},4309.80844
{"time":"2022-04-03"},4284.963157
{"time":"2022-04-04"},4310.965388
{"time":"2022-04-05"},4314.708557
{"time":"2022-04-06"},4314.740082
{"time":"2022-04-07"},4299.498094
{"time":"2022-04-08"},4323.099699
{"time":"2022-04-09"},4329.678304
{"time":"2022-04-10"},4340.187651
{"time":"2022-04-11"},4311.414275
{"time":"2022-04-12"},4299.442753
{"time":"2022-04-13"},4317.372093
{"time":"2022-04-14"},4343.593753
{"time":"2022-04-15"},4334.677915
{"time":"2022-04-16"},4334.930456
{"time":"2022-04-17"},4339.983452
{"time":"2022-04-18"},4333.468046
{"time":"2022-04-19"},4337.43063
{"time":"2022-04-20"},4338.55545
{"time":"2022-04-21"},4328.98443
{"time":"2022-04-22"},4330.546202
{"time":"2022-04-23"},4335.381684
{"time":"2022-04-24"},4324.282764
{"time":"2022-04-25"},4324.316327
{"time":"2022-04-26"},4336.13646
{"time":"2022-04-27"},4329.62078
{"time":"2022-04-28"},4332.491458
{"time":"2022-04-29"},4331.871343
{"time":"2022-04-30"},4329.939024
{"time":"2022-05-01"},4327.570957
{"time":"2022-05-02"},4324.986691
{"time":"2022-05-03"},4328.94741
{"time":"2022-05-04"},4355.609132
{"time":"2022-05-05"},4352.152353
{"time":"2022-05-06"},4342.362239
{"time":"2022-05-07"},4348.287965
{"time":"2022-05-08"},4350.506543
{"time":"2022-05-09"},4335.476801
{"time":"2022-05-10"},4340.092628
{"time":"2022-05-11"},4344.929969
{"time":"2022-05-12"},4330.336336
{"time":"2022-05-13"},4315.088553
{"time":"2022-05-14"},4325.375602
{"time":"2022-05-15"},4314.46232
{"time":"2022-05-16"},4308.350256
{"time":"2022-05-17"},4313.807456
{"time":"2022-05-18"},4318.391504
{"time":"2022-05-19"},4331.270496
{"time":"2022-05-20"},4342.184896
{"time":"2022-05-21"},4329.087616
{"time":"2022-05-22"},4326.249872
{"time":"2022-05-23"},4329.74248
{"time":"2022-05-24"},4324.940144
{"time":"2022-05-25"},4319.264656
{"time":"2022-05-26"},4322.320688
{"time":"2022-05-27"},4311.842864
{"time":"2022-05-28"},4321.665824
{"time":"2022-05-29"},4326.031584
{"time":"2022-05-30"},4336.945984
{"time":"2022-05-31"},4331.270496
{"time":"2022-06-01"},4335.854544
{"time":"2022-06-02"},4342.621472
{"time":"2022-06-03"},4334.544816
{"time":"2022-06-04"},4341.966608
{"time":"2022-06-05"},4343.058048
{"time":"2022-06-06"},4345.459216
{"time":"2022-06-07"},4331.270496
{"time":"2022-06-08"},4342.83976
{"time":"2022-06-09"},4333.0168
{"time":"2022-06-10"},4331.92536
{"time":"2022-06-11"},4333.235088
{"time":"2022-06-12"},4348.29696
{"time":"2022-06-13"},4336.072832
{"time":"2022-06-14"},4340.438592
{"time":"2022-06-15"},4353.75416
{"time":"2022-06-16"},4338.255712
{"time":"2022-06-17"},4338.255712
{"time":"2022-06-18"},4361.612528
{"time":"2022-06-19"},4347.860384
{"time":"2022-06-20"},4345.459216
{"time":"2022-06-21"},4353.972448
{"time":"2022-06-22"},4354.409024
{"time":"2022-06-23"},4338.474
{"time":"2022-06-24"},4360.739376
{"time":"2022-06-25"},4341.966608
{"time":"2022-06-26"},4337.819136
{"time":"2022-06-27"},4340.65688
{"time":"2022-06-28"},4348.515248
{"time":"2022-06-29"},4335.19968
{"time":"2022-06-30"},4349.606688
{"time":"2022-07-01"},4336.509408
{"time":"2022-07-02"},4334.544816
{"time":"2022-07-03"},4336.727696
{"time":"2022-07-04"},4338.255712
{"time":"2022-07-05"},4359.647936
{"time":"2022-07-06"},4350.47984
{"time":"2022-07-07"},4363.795408
{"time":"2022-07-08"},4355.063888
{"time":"2022-07-09"},4349.824976
{"time":"2022-07-10"},4333.453376
{"time":"2022-07-11"},4339.56544
{"time":"2022-07-12"},4349.606688
{"time":"2022-07-13"},4341.966608
{"time":"2022-07-14"},4333.0168
{"time":"2022-07-15"},4370.562336
{"time":"2022-07-16"},4357.465056
{"time":"2022-07-17"},4373.836656
{"time":"2022-07-18"},4374.273232
{"time":"2022-07-19"},4359.21136
{"time":"2022-07-20"},4364.231984
{"time":"2022-07-21"},4336.29112
{"time":"2022-07-22"},4352.444432
{"time":"2022-07-23"},4359.647936
{"time":"2022-07-24"},4347.860384
{"time":"2022-07-25"},4360.957664
{"time":"2022-07-26"},4359.866224
{"time":"2022-07-27"},4352.881008
{"time":"2022-07-28"},4361.612528
{"time":"2022-07-29"},4366.414864
{"time":"2022-07-30"},4369.689184
{"time":"2022-07-31"},4363.358832
{"time":"2022-08-01"},4336.509408
{"time":"2022-08-02"},4359.429648
{"time":"2022-08-03"},4356.155328
{"time":"2022-08-04"},4331.92536
{"time":"2022-08-05"},4348.951824
{"time":"2022-08-06"},4363.57712
{"time":"2022-08-07"},4340.65688
{"time":"2022-08-08"},4350.916416
{"time":"2022-08-09"},4336.945984
{"time":"2022-08-10"},4361.39424
{"time":"2022-08-11"},4348.29696
{"time":"2022-08-12"},4381.04016
{"time":"2022-08-13"},4380.821872
{"time":"2022-08-14"},4379.730432
{"time":"2022-08-15"},4375.364672
{"time":"2022-08-16"},4375.146384
{"time":"2022-08-17"},4366.196576
{"time":"2022-08-18"},4376.456112
{"time":"2022-08-19"},4374.273232
{"time":"2022-08-20"},4383.659616
{"time":"2022-08-21"},4375.58296
{"time":"2022-08-22"},4374.054944
{"time":"2022-08-23"},4365.978288
{"time":"2022-08-24"},4356.155328
{"time":"2022-08-25"},4367.94288
{"time":"2022-08-26"},4371.435488
{"time":"2022-08-27"},4387.370512
{"time":"2022-08-28"},4365.541712
{"time":"2022-08-29"},4378.85728
{"time":"2022-08-30"},4365.978288
{"time":"2022-08-31"},4369.03432
{"time":"2022-09-01"},4368.161168
{"time":"2022-09-02"},4386.060784
{"time":"2022-09-03"},4376.892688
{"time":"2022-09-04"},4372.963504
{"time":"2022-09-05"},4386.279072
{"time":"2022-09-06"},4371.435488
{"time":"2022-09-07"},4363.795408
{"time":"2022-09-08"},4365.76
{"time":"2022-09-09"},4367.94288
{"time":"2022-09-10"},4369.03432
{"time":"2022-09-11"},4381.695024
{"time":"2022-09-12"},4376.892688
{"time":"2022-09-13"},4380.385296
{"time":"2022-09-14"},4358.993072
{"time":"2022-09-15"},4374.928096
{"time":"2022-09-16"},4389.116816
{"time":"2022-09-17"},4384.751056
{"time":"2022-09-18"},4377.984128
{"time":"2022-09-19"},4377.76584
{"time":"2022-09-20"},4374.49152
{"time":"2022-09-21"},4665.251136
{"time":"2022-09-22"},5079.343472
{"time":"2022-09-23"},5095.060208
{"time":"2022-09-24"},5030.228672
{"time":"2022-09-25"},5023.461744
{"time":"2022-09-26"},5041.579648
{"time":"2022-09-27"},5071.048528
{"time":"2022-09-28"},5062.971872
{"time":"2022-09-29"},5080.6532
{"time":"2022-09-30"},5070.83024
{"time":"2022-10-01"},5035.031008
{"time":"2022-10-02"},5017.131392
{"time":"2022-10-03"},5013.857072
{"time":"2022-10-04"},5021.497152
{"time":"2022-10-05"},5048.783152
{"time":"2022-10-06"},5047.691712
{"time":"2022-10-07"},5064.718176
{"time":"2022-10-08"},5044.417392
{"time":"2022-10-09"},5030.010384
{"time":"2022-10-10"},5028.26408
{"time":"2022-10-11"},5018.222832
{"time":"2022-10-12"},5056.423232
{"time":"2022-10-13"},5004.2524
{"time":"2022-10-14"},5042.4528
{"time":"2022-10-15"},5055.331792
{"time":"2022-10-16"},5043.325952
{"time":"2022-10-17"},5056.64152
{"time":"2022-10-18"},5058.8244
{"time":"2022-10-19"},5067.119344
{"time":"2022-10-20"},5057.951248
{"time":"2022-10-21"},5062.317008
{"time":"2022-10-22"},5049.874592
{"time":"2022-10-23"},5059.479264
{"time":"2022-10-24"},5056.423232
{"time":"2022-10-25"},5112.086672
{"time":"2022-10-26"},5102.700288
{"time":"2022-10-27"},5120.818192
{"time":"2022-10-28"},5106.629472
{"time":"2022-10-29"},5099.644256
{"time":"2022-10-30"},5097.679664
{"time":"2022-10-31"},5116.452432
{"time":"2022-11-01"},5091.131024
{"time":"2022-11-02"},5093.095616
{"time":"2022-11-03"},5110.558656
{"time":"2022-11-04"},5118.198736
{"time":"2022-11-05"},5093.968768
{"time":"2022-11-06"},5094.84192
{"time":"2022-11-07"},5117.325584
{"time":"2022-11-08"},5104.66488
{"time":"2022-11-09"},5077.37888
{"time":"2022-11-10"},5072.139968
{"time":"2022-11-11"},5077.160592
{"time":"2022-11-12"},5071.703392
{"time":"2022-11-13"},5056.204944
{"time":"2022-11-14"},5052.27576
{"time":"2022-11-15"},5057.078096
{"time":"2022-11-16"},5066.901056
{"time":"2022-11-17"},5064.063312
{"time":"2022-11-18"},5065.591328
{"time":"2022-11-19"},5057.514672
{"time":"2022-11-20"},5064.936464
{"time":"2022-11-21"},5039.615056
{"time":"2022-11-22"},5038.305328
{"time":"2022-11-23"},5069.957088
{"time":"2022-11-24"},5080.216624
{"time":"2022-11-25"},5078.47032
{"time":"2022-11-26"},5078.906896
{"time":"2022-11-27"},5080.434912
{"time":"2022-11-28"},5077.597168
{"time":"2022-11-29"},5073.667984
{"time":"2022-11-30"},5076.505728
{"time":"2022-12-01"},5064.063312
{"time":"2022-12-02"},5074.541136
{"time":"2022-12-03"},5077.160592
{"time":"2022-12-04"},5051.839184
{"time":"2022-12-05"},5073.667984
{"time":"2022-12-06"},5065.591328
{"time":"2022-12-07"},5011.89248
{"time":"2022-12-08"},5050.966032
{"time":"2022-12-09"},5060.134128
{"time":"2022-12-10"},5069.957088
{"time":"2022-12-11"},5072.794832
{"time":"2022-12-12"},5073.231408
{"time":"2022-12-13"},5066.246192
{"time":"2022-12-14"},5062.971872
{"time":"2022-12-15"},5090.039584
{"time":"2022-12-16"},5076.505728
{"time":"2022-12-17"},5088.511568
{"time":"2022-12-18"},5085.892112
{"time":"2022-12-19"},5096.588224
{"time":"2022-12-20"},5103.136864
{"time":"2022-12-21"},5062.971872
{"time":"2022-12-22"},5104.883168
{"time":"2022-12-23"},5043.762528
{"time":"2022-12-24"},5026.736064
{"time":"2022-12-25"},5086.983552
{"time":"2022-12-26"},5067.337632
{"time":"2022-12-27"},5025.644624
{"time":"2022-12-28"},5037.868752
{"time":"2022-12-29"},5129.549712
{"time":"2022-12-30"},5047.691712
{"time":"2022-12-31"},5079.780048
{"time":"2023-01-01"},5037.213888
{"time":"2023-01-02"},5067.774208
{"time":"2023-01-03"},5106.629472
{"time":"2023-01-04"},5070.175376
{"time":"2023-01-05"},5000.104928
{"time":"2023-01-06"},5011.89248
{"time":"2023-01-07"},4997.048896
{"time":"2023-01-08"},4998.576912
{"time":"2023-01-09"},4992.24656
{"time":"2023-01-10"},4993.992864
{"time":"2023-01-11"},5045.290544
{"time":"2023-01-12"},5031.5384
{"time":"2023-01-13"},5024.334896
{"time":"2023-01-14"},5040.26992
{"time":"2023-01-15"},5040.924784
{"time":"2023-01-16"},5021.71544
{"time":"2023-01-17"},5011.89248
{"time":"2023-01-18"},5025.644624
{"time":"2023-01-19"},5023.680032
{"time":"2023-01-20"},5020.187424
{"time":"2023-01-21"},5018.222832
{"time":"2023-01-22"},5020.187424
{"time":"2023-01-23"},5024.116608
{"time":"2023-01-24"},5043.54424
{"time":"2023-01-25"},5047.473424
{"time":"2023-01-26"},5027.609216
{"time":"2023-01-27"},5041.143072
{"time":"2023-01-28"},5039.17848
{"time":"2023-01-29"},5037.868752
{"time":"2023-01-30"},5035.031008
{"time":"2023-01-31"},5046.163696
{"time":"2023-02-01"},5111.868384
{"time":"2023-02-02"},5129.113136
{"time":"2023-02-03"},5124.747376
{"time":"2023-02-04"},5110.558656
{"time":"2023-02-05"},5143.520144
{"time":"2023-02-06"},5123.437648
{"time":"2023-02-07"},5127.366832
{"time":"2023-02-08"},5101.172272
{"time":"2023-02-09"},5147.012752
{"time":"2023-02-10"},5149.41392
{"time":"2023-02-11"},5131.077728
{"time":"2023-02-12"},5163.60264
{"time":"2023-02-13"},5144.175008
{"time":"2023-02-14"},5134.788624
{"time":"2023-02-15"},5138.281232
{"time":"2023-02-16"},5134.570336
{"time":"2023-02-17"},5147.449328
{"time":"2023-02-18"},5129.986288
{"time":"2023-02-19"},5121.909632
{"time":"2023-02-20"},5109.248928
{"time":"2023-02-21"},5128.894848
{"time":"2023-02-22"},5133.260608
{"time":"2023-02-23"},5123.437648
{"time":"2023-02-24"},5140.900688
{"time":"2023-02-25"},5128.67656
{"time":"2023-02-26"},5155.744272
{"time":"2023-02-27"},5147.885904
{"time":"2023-02-28"},5118.635312
{"time":"2023-03-01"},5162.729488
{"time":"2023-03-02"},5150.068784
{"time":"2023-03-03"},5150.287072
{"time":"2023-03-04"},5143.520144
{"time":"2023-03-05"},5152.469952
{"time":"2023-03-06"},5164.912368
{"time":"2023-03-07"},5162.729488
{"time":"2023-03-08"},5148.759056
{"time":"2023-03-09"},5152.251664
{"time":"2023-03-10"},5175.60848
{"time":"2023-03-11"},5177.573072
{"time":"2023-03-12"},5169.278128
{"time":"2023-03-13"},5180.410816
{"time":"2023-03-14"},5170.15128
{"time":"2023-03-15"},5152.469952
{"time":"2023-03-16"},5149.632208
{"time":"2023-03-17"},5153.343104
{"time":"2023-03-18"},5139.809248
{"time":"2023-03-19"},5130.641152
{"time":"2023-03-20"},5128.458272
{"time":"2023-03-21"},5140.900688
{"time":"2023-03-22"},5138.717808
{"time":"2023-03-23"},5130.422864
{"time":"2023-03-24"},5147.23104
{"time":"2023-03-25"},5135.880064
{"time":"2023-03-26"},5138.281232
{"time":"2023-03-27"},5157.490576
{"time":"2023-03-28"},5150.068784
{"time":"2023-03-29"},5184.994864
{"time":"2023-03-30"},5141.77384
{"time":"2023-03-31"},5153.997968
{"time":"2023-04-01"},5082.181216
{"time":"2023-04-02"},5074.759424
{"time":"2023-04-03"},5056.64152
{"time":"2023-04-04"},5055.113504
{"time":"2023-04-05"},5051.839184
{"time":"2023-04-06"},5026.954352
{"time":"2023-04-07"},5026.517776
{"time":"2023-04-08"},5031.320112
{"time":"2023-04-09"},5024.553184
{"time":"2023-04-10"},5028.482368
{"time":"2023-04-11"},5033.939568
{"time":"2023-04-12"},5039.396768
{"time":"2023-04-13"},5071.485104
{"time":"2023-04-14"},5082.181216
{"time":"2023-04-15"},5045.508832
{"time":"2023-04-16"},5047.691712
{"time":"2023-04-17"},5057.73296
{"time":"2023-04-18"},5064.718176
{"time":"2023-04-19"},5085.237248
{"time":"2023-04-20"},5107.502624
{"time":"2023-04-21"},5134.788624
{"time":"2023-04-22"},5126.057104
{"time":"2023-04-23"},5120.163328
{"time":"2023-04-24"},5120.163328
{"time":"2023-04-25"},5119.290176
{"time":"2023-04-26"},5108.594064
{"time":"2023-04-27"},5097.897952
{"time":"2023-04-28"},5038.305328
{"time":"2023-04-29"},5094.187056
{"time":"2023-04-30"},5101.827136
{"time":"2023-05-01"},5093.313904
{"time":"2023-05-02"},5098.334528
{"time":"2023-05-03"},5111.431808
{"time":"2023-05-04"},5115.360992
{"time":"2023-05-05"},5089.603008
{"time":"2023-05-06"},5081.308064
{"time":"2023-05-07"},5067.119344
{"time":"2023-05-08"},5083.054368
{"time":"2023-05-09"},5094.84192
{"time":"2023-05-10"},5095.93336
{"time":"2023-05-11"},5094.187056
{"time":"2023-05-12"},5108.594064
{"time":"2023-05-13"},5127.366832
{"time":"2023-05-14"},5129.331424
{"time":"2023-05-15"},5112.30496
{"time":"2023-05-16"},5106.411184
{"time":"2023-05-17"},5121.909632
{"time":"2023-05-18"},5049.656304
{"time":"2023-05-19"},5034.376144
{"time":"2023-05-20"},5039.615056
{"time":"2023-05-21"},5062.535296
{"time":"2023-05-22"},5021.060576
{"time":"2023-05-23"},2662.895312
